site_host,career.connecty.co.jp,dashboardcms-test.connecty.co.jp,docs.cmsod.jp,lottecityhotel.jp,msg.dlt-spl.co.jp,real.dic-estate.co.jp,site1.demo.cmsod.jp,site3.demo.cmsod.jp,sports.dunlop.co.jp,www.afit.jp,www.buonanotte.jp,www.cellseed.com,www.connecty.co.jp,www.daiken-ad.com,www.daiken.jp,www.dcm-hldgs.co.jp,www.dic-color.com,www.dic-decor.co.jp,www.dic-ep.co.jp,www.dic-estate.co.jp,www.dic-global.com,www.dic-graphics.co.jp,www.dic-kako.co.jp,www.dic-material.co.jp,www.dic-plas.co.jp,www.dic200.com,www.difaren.com,www.digisystem.com,www.dlt-spl.co.jp,www.doutor.co.jp,www.fuwapple.jp,www.global.jcb,www.ibanez.com,www.imabarigauze.jp,www.ishimakura.jp,www.jeol.co.jp,www.kuroda-electric.co.jp,www.lemonadestand-pa.jp,www.lotte-isf.or.jp,www.lotte.co.jp,www.luno-nishikawa.jp,www.mmtec.co.jp,www.moussepuff.jp,www.mpuni.co.jp,www.nemuri-soudan.jp,www.nishikawa1566.com,www.nishikawasangyo.co.jp,www.nissay-it.co.jp,www.nisshin.com,www.order-makura.jp,www.paris-miki.co.jp,www.pokkasapporo-fb.jp,www.recomm.co.jp,www.sangetsu.co.jp,www.separel.com,www.shimachu.co.jp,www.shop-salon.jp,www.tama.com,www.tamamarching.com,www.thermos.jp,www.tobishima.co.jp,www.tokyoinst.co.jp,www.ushio.co.jp,www.ushio.com.tw,www.ushiomedical.com,www.watairo.jp,www.with-lemon.jp,www.yamano-music.co.jp
career.connecty.co.jp,1.0,0.8915357167226232,0.7663191609624497,0.8931498122223454,0.8177423372377257,0.7920329422924821,0.7837065739222816,0.8567342219840481,0.9020166497454918,0.8247974973090562,0.8007810927592731,0.8096017112557223,0.48296989146433655,0.792918934142393,0.4879917685508745,0.9099507955224785,0.4879917685518166,0.790571616824348,0.7774889569616206,0.8097051938827076,0.4879917685507862,0.802131407737735,0.8034373915159511,0.8034396447116026,0.8335837989804231,0.851959202098654,0.8292502885658493,0.8550941537756886,0.48799176855075765,0.8691304689598236,0.9034699582828891,0.9010611713281688,0.4879917685507812,0.9120802487110451,0.8116616242045396,0.8830031200869772,0.8227241143030812,0.8327308141633836,0.8848973581320048,0.8947039200929249,0.8024919044803658,0.8605538050908408,0.9078516161093555,0.8763717107283935,0.8467390287128673,0.862559958534338,0.912687264813181,0.8645128092800717,0.906991987491937,0.8216496435604203,0.8924190588509684,0.48799176855107,0.8520388649944655,0.8014017126395353,0.817568983896904,0.9180703885600918,0.92865787707246,0.48799176855090154,0.7483211943657798,0.8798523926151687,0.8872378570429111,0.9020088877319867,0.8942345092306003,0.889179637369611,0.7939448772193617,0.9103259580948329,0.8262819481290911,0.4879917685509738
dashboardcms-test.connecty.co.jp,0.8915357167226231,1.0,0.8336958951314091,0.9268362344762003,0.8339558125631721,0.880075185381251,0.8319888941933247,0.8431712601784491,0.9461431745153307,0.8794521182548111,0.8682555435393732,0.8958462712573912,0.4881075958827308,0.8664737429627254,0.49161445502076606,0.9532919951261911,0.4916144550218271,0.8846552799811502,0.8772877153811325,0.8937287230620603,0.4916144550206783,0.8945672663067581,0.8902905163998454,0.894455518137827,0.8978325928997988,0.932995283219471,0.9017195561432332,0.8403137144923478,0.4916144550206293,0.8451291377039503,0.9788432025542941,0.8862372663306899,0.49161445502067236,0.9733815036483457,0.8763268316541166,0.8669775236510622,0.9140439284832972,0.8891501151366714,0.8122158142240463,0.8763157074998286,0.8573383159062994,0.8736709659532493,0.9732943250593473,0.8527191590258922,0.8970787937796537,0.9265592494616006,0.9703255415345375,0.9392863916223445,0.9303735500232158,0.8593395261471601,0.9278354586013836,0.491614455020984,0.9105354040803737,0.7646913051392348,0.904072662909251,0.8514813966176487,0.8546211468770464,0.4916144550208313,0.8518922515589891,0.8371980826204033,0.9459887908864903,0.8773784495992946,0.9697860579564671,0.8356412927633191,0.8820327971312417,0.9734801316571409,0.9130570636991415,0.49161445502081885
docs.cmsod.jp,0.7663191609624497,0.8336958951314091,1.0,0.8477689671751885,0.8582575554168859,0.8933352755344832,0.929242619853889,0.9427186577661413,0.8465018244342964,0.8994924229211553,0.883746200194798,0.9087357110506372,0.48897477478346585,0.9706244505041716,0.49222591823758166,0.8503446580224621,0.4922259182384993,0.8971639761625962,0.8924414901833164,0.8845773382572283,0.49222591823752765,0.9037835772293019,0.8808905886153926,0.8924609656919826,0.8931074779828023,0.893907866257438,0.8874454794520061,0.7202731518011218,0.49222591823744893,0.9035948781520704,0.8515087161752901,0.8114385265020463,0.4922259182375174,0.8250222433779258,0.8905369773856213,0.6589627017153079,0.902419815431927,0.8835337557931562,0.896547117910687,0.7960498658550231,0.8933149898771342,0.719197224109523,0.8254964235378695,0.6090751673878958,0.8859738787962685,0.9027339400569805,0.8539573688143555,0.8875013737078963,0.7912286699075848,0.8852178111450939,0.8708469226685112,0.49222591823774287,0.8824489947484615,0.6392295840292945,0.8787668282176329,0.7745800142667448,0.7912045835062613,0.4922259182376974,0.8732804363304023,0.6828906034109963,0.8766959108486143,0.7212212945682419,0.8587665423239899,0.8676243750320674,0.8900703527491456,0.8242995635821331,0.9106761056310487,0.4922259182374894
lottecityhotel.jp,0.8931498122223454,0.9268362344762003,0.8477689671751885,0.9999999999999999,0.9218841624583114,0.9282888605184503,0.8608595241288031,0.8977232408829722,0.9588021616835524,0.9385699648283552,0.9207322532495801,0.9231304473396873,0.48835229159934,0.8657384707688238,0.49178699430866263,0.9683847310340521,0.4917869943098137,0.9192618420357621,0.9131333355651434,0.9390199309418713,0.49178699430857076,0.9186505963592461,0.9315183021017768,0.9337534262966567,0.9512325848582625,0.9547871642310697,0.9421584408040092,0.8645211023711427,0.4917869943085129,0.8405937182025752,0.9691047639917181,0.9073052444544325,0.49178699430856576,0.9755055123754494,0.9245106397868617,0.8181885537649081,0.9333251430263032,0.9374634607234447,0.869436635017457,0.8668635660742262,0.9112316712183275,0.7771866538042126,0.9752578108200871,0.8500433413658133,0.9300093618953575,0.9668814501674955,0.9525238184952174,0.9316376365641943,0.9441592339688921,0.9200636184099618,0.9717873856581762,0.4917869943088737,0.954735750474007,0.82638279324706,0.9393419121897022,0.8714855730126918,0.852970996491184,0.4917869943087441,0.894603968205035,0.8611451370646763,0.9432345279252468,0.8736086628554693,0.9517974015941006,0.9092570252680348,0.9271605837734056,0.9753413493622176,0.9321965883353948,0.4917869943086683
msg.dlt-spl.co.jp,0.8177423372377257,0.8339558125631721,0.8582575554168859,0.9218841624583115,1.0,0.9587874798087674,0.858691251382647,0.8826890041546864,0.9311276393032226,0.9649326488319081,0.9572859438520609,0.9467361577834885,0.4918083119999358,0.8722876664208863,0.49422389556365753,0.9325002609819404,0.49422389556477586,0.9545401390722024,0.9504956554578812,0.9645435036900707,0.49422389556357765,0.9517501005161493,0.9568178350883357,0.9550630864560523,0.9646739311727003,0.9530887784224196,0.9567409163665679,0.7588505511530197,0.49422389556350244,0.8023892872388154,0.8880539733531397,0.8324443419836092,0.4942238955635728,0.8665319946093573,0.9636798779943324,0.6718238925055463,0.9467274557500642,0.9590606367967542,0.8576706503436251,0.7874339285926854,0.955286572207702,0.6775343297511112,0.8664227283950889,0.6970022462066597,0.9635414970802361,0.9521468650227283,0.8962753467236181,0.926261073915946,0.8670656356618298,0.9657443944711694,0.9503649752358508,0.4942238955638475,0.9496286291792142,0.6897404329107885,0.9575216598739329,0.7757837090085704,0.8197125465458939,0.49422389556377155,0.9425063202444551,0.7313877679078229,0.9243771608945079,0.7058076009440605,0.906077526669459,0.8698090906411807,0.9579891892624809,0.8662599906439565,0.9456350058860445,0.49422389556353713
real.dic-estate.co.jp,0.7920329422924821,0.880075185381251,0.8933352755344832,0.9282888605184504,0.9587874798087674,1.0,0.892198740067672,0.8701182696125249,0.952503885540138,0.9908858914357226,0.9948042069487224,0.9931072519072834,0.4934655873034297,0.9206425622496545,0.4953924697613698,0.9517592675130887,0.4953924697625538,0.998621894165516,0.9977807630398046,0.9972923787304904,0.4953924697612973,0.9907440062304487,0.997343449367948,0.9964301988965635,0.9916333745928639,0.9766859875656366,0.9928473427836355,0.7303974347401951,0.4953924697612084,0.7980795067155202,0.9215320139578544,0.8321634956137959,0.4953924697612913,0.8929057274553569,0.9959704930707535,0.650342820047488,0.9894184804396448,0.9936091506637496,0.8148923188195344,0.7516974894558451,0.9894181619471889,0.6807394931837956,0.8929782046137587,0.6528003949719936,0.9732860413790969,0.9838016586645699,0.9183532379835646,0.9705635129749541,0.8571038303428953,0.9893509384612855,0.9651534196168705,0.49539246976157153,0.9879716045025212,0.6510264033478783,0.9932181137001297,0.7500029051541582,0.7648125221334601,0.4953924697615121,0.9937010371108426,0.6943209436211819,0.9655479278361857,0.692562166172728,0.9382367519975034,0.8433424982272171,0.9986937858998526,0.892840080655863,0.98927869738596,0.4953924697612228
site1.demo.cmsod.jp,0.7837065739222815,0.8319888941933247,0.9292426198538889,0.8608595241288031,0.858691251382647,0.8921987400676719,0.9999999999999999,0.8867092817781268,0.8559319394015448,0.8983308157244534,0.870632193632706,0.9009547660880541,0.48907724201685165,0.969343128090784,0.4922981697004334,0.8480582894676092,0.4922981697013649,0.8927343842941069,0.8853532389759524,0.8865031565341377,0.49229816970038787,0.8888477319208958,0.8808239655472785,0.8795547838945201,0.8947305461487749,0.9036044408742221,0.8879707029045687,0.7815950071067082,0.4922981697003114,0.8782317858980341,0.8539512808111607,0.8540986191470044,0.49229816970037815,0.8339038046568252,0.8938399837857312,0.6905843431847698,0.893587356453579,0.8904471811957432,0.9047433637450422,0.8119658838076116,0.878273800792797,0.7208128302521561,0.833635423575485,0.6558241561504209,0.879055204844196,0.8933136568246298,0.8453683288922687,0.8671180294105094,0.8153921546220733,0.8823535069795923,0.877908160161424,0.4922981697006126,0.8916739880675031,0.6742527165005419,0.8828429074330714,0.8066789623810628,0.818576575761391,0.49229816970055185,0.8610022659175807,0.725665962504169,0.8748075967478022,0.7530824797592256,0.8574578984722862,0.8724951462884639,0.8947973023294806,0.8336417727840646,0.896079074017407,0.49229816970035806
site3.demo.cmsod.jp,0.8567342219840481,0.843171260178449,0.9427186577661413,0.8977232408829723,0.8826890041546865,0.8701182696125249,0.8867092817781268,1.0,0.8816911272844896,0.9037838991142038,0.866478539272624,0.8788119408390924,0.48624900923959025,0.9196001578340963,0.49030393262849437,0.8778658885030037,0.4903039326294916,0.8663917794587843,0.8610427240078831,0.8743052599230481,0.4903039326284214,0.8753519392793497,0.8666713552662149,0.8768952241459662,0.8979528734274635,0.8858439635455286,0.877895250325457,0.837035027664393,0.4903039326283618,0.9166847621749743,0.8762872349032712,0.892333984663789,0.4903039326284125,0.8653570407066505,0.8763093210729478,0.7600711572539681,0.8707346925202999,0.8797314938954143,0.9586695500374687,0.87325087651827,0.8719703800114069,0.7785107106944542,0.86245397060426,0.7272060714152866,0.8859466097939974,0.9060663678077969,0.8896276678135134,0.8766694992640165,0.8723977033377068,0.8758171810496472,0.9039162428253463,0.49030393262867034,0.8808971059562773,0.7828715339024723,0.8704082762526457,0.8779569061123614,0.8884656218359805,0.4903039326285739,0.8317820302776002,0.8011128653763074,0.8772302513029351,0.8146698910607156,0.8803528890488104,0.9399443062518494,0.8661131234176402,0.8633336121461312,0.8808452309310648,0.49030393262846617
sports.dunlop.co.jp,0.9020166497454918,0.9461431745153308,0.8465018244342964,0.9588021616835524,0.9311276393032227,0.952503885540138,0.8559319394015448,0.8816911272844896,1.0,0.9569230966051308,0.9473776531191478,0.9482933808117003,0.48960618290401925,0.8764571149126545,0.4926711352973727,0.9896463731386749,0.49267113529860573,0.9508628550749669,0.9444962208811751,0.9647742140686537,0.49267113529728146,0.9553059457429268,0.9625820678058827,0.9642077372398407,0.9741740132413896,0.9748556480586221,0.9739558605837644,0.856979534794142,0.49267113529721945,0.8488495112915704,0.9791082802710878,0.9265309274061448,0.49267113529727663,0.9594723053966834,0.9538411558050479,0.820756310927022,0.9614071365110326,0.9692166080323704,0.849530888724896,0.869500702514058,0.941837999361711,0.8360020876675682,0.9586751554427329,0.791808090779548,0.9719340302113805,0.9683082415849258,0.986938795878954,0.9812109036724783,0.9594815613067204,0.9512589929615521,0.9903949784282655,0.4926711352976061,0.9726758057004394,0.7826639483992861,0.9726324257951213,0.8754295161459759,0.8793185281725557,0.49267113529746714,0.9248386687061956,0.8441562336553194,0.9791389536726585,0.8160597180286994,0.9918225697625421,0.8965807614557053,0.9546256458043598,0.9591253771395101,0.9563065881668633,0.492671135297355
www.afit.jp,0.8247974973090562,0.8794521182548111,0.8994924229211553,0.9385699648283551,0.9649326488319081,0.9908858914357226,0.8983308157244534,0.9037838991142038,0.9569230966051308,1.0,0.9908108759814552,0.9903848559892716,0.4918228375362037,0.9289604472917214,0.4942341377767884,0.9555114887041669,0.494234137777993,0.9891487292066761,0.9871752568857488,0.9922933260703694,0.4942341377767125,0.9848396000783093,0.9908869194729768,0.9885794573560196,0.9895224554683832,0.9748907232601818,0.9858976448136252,0.7651365845562063,0.4942341377766264,0.8176807387754644,0.923160473156632,0.8581781930710959,0.4942341377767058,0.8993192372787995,0.990408304063843,0.674453273028724,0.9756124454427806,0.9903953675505454,0.8500815383649387,0.7851923094268614,0.9820089485116866,0.6964117726376272,0.8974962292638959,0.6757879892861494,0.9731676830203095,0.9849586210259199,0.9246858785154657,0.9657054928639324,0.8731665442470116,0.9871968126374666,0.9728536463361495,0.494234137776993,0.9865276024819004,0.6882478577840145,0.9874917001460041,0.7811886744685007,0.7986883563406126,0.494234137776922,0.9792939495384241,0.7279412349085137,0.966284260663862,0.7210296909745647,0.9407507344209298,0.8684121993652851,0.9896209776127849,0.8984917763373153,0.9829089176098715,0.49423413777665715
www.buonanotte.jp,0.8007810927592731,0.8682555435393733,0.883746200194798,0.9207322532495801,0.957285943852061,0.9948042069487224,0.870632193632706,0.866478539272624,0.9473776531191478,0.9908108759814552,1.0,0.9912231107935554,0.49275820256720604,0.9095934030650792,0.4948936802428934,0.9500396232866037,0.49489368024407254,0.9941911200924027,0.9934915919665943,0.993072346992542,0.49489368024282027,0.9900234702751468,0.9932614402544525,0.9905314177918958,0.9845853404035588,0.9714295414529162,0.988290240648918,0.7129367190567588,0.49489368024273145,0.7928938211698264,0.9103281399998726,0.8208987699392265,0.4948936802428144,0.8830017302433797,0.9938609644027487,0.6348144005398494,0.9809317641475743,0.9920533802336026,0.8054808844208661,0.7391263546563199,0.9896647647036299,0.6718062161121473,0.8818797193532375,0.6431725368486716,0.9739634504617883,0.9807694090271462,0.9103099579494113,0.9685771996939946,0.8421679844410083,0.9913602691842265,0.9603771965513938,0.49489368024309244,0.9862777078884619,0.6356397292037254,0.987555355935289,0.7381655772871336,0.7568379279278322,0.49489368024303443,0.9921181248274933,0.6821303475257279,0.9649253051067478,0.68029970875773,0.9290109013459253,0.8371628360579567,0.9943121135411489,0.8824882988771956,0.9850366151853804,0.4948936802427393
www.cellseed.com,0.8096017112557223,0.8958462712573912,0.9087357110506372,0.9231304473396873,0.9467361577834884,0.9931072519072836,0.9009547660880541,0.8788119408390924,0.9482933808117002,0.9903848559892716,0.9912231107935554,1.0,0.49259037415241896,0.9421864656504348,0.4947753414522576,0.9551486856469207,0.4947753414534312,0.9957124567585549,0.9940854897512178,0.9911880018605257,0.4947753414521859,0.9899244286144212,0.9919714851694591,0.9898176032927866,0.9813127549144129,0.9743429128203873,0.9852959918190147,0.7183710688402108,0.4947753414520953,0.8097374770600496,0.9242290170995943,0.8285340953318221,0.49477534145217866,0.8973781880113026,0.9914836980459714,0.6547714182539137,0.9864812921003872,0.9871945018407767,0.8221928670358222,0.7566354092733791,0.9840046815815828,0.6895281180275071,0.896334159618834,0.6519538399148702,0.9678207052681171,0.9858282335632136,0.9209295955853034,0.9745009386457417,0.847130238637744,0.9841807042167088,0.9600947112125524,0.49477534145246027,0.9878529068693314,0.629773341989903,0.9873922665577817,0.7496579475026977,0.7693474290455402,0.49477534145239926,0.9889209868519024,0.6899877527531171,0.9731063014528889,0.699934409081931,0.9395767217817668,0.8322223418510517,0.9922672353343711,0.8969106445915291,0.9945660995601782,0.4947753414521193
www.connecty.co.jp,0.48296989146433655,0.4881075958827308,0.48897477478346585,0.48835229159934,0.4918083119999358,0.4934655873034297,0.48907724201685165,0.48624900923959025,0.48960618290401925,0.4918228375362037,0.49275820256720604,0.49259037415241896,1.0,0.48968631513832983,0.8525588643177001,0.489080293410025,0.852558864317688,0.49378446945589166,0.49390340827395846,0.492426513485073,0.852558864317703,0.4925874630278318,0.4929792694500503,0.49271274969115975,0.4916163686943319,0.4907529531082558,0.4912598699442408,0.4872643334373143,0.8525588643176997,0.48520119217062563,0.48937692888874595,0.4830974651070961,0.8525588643177036,0.48885765986022056,0.4929407602242078,0.4864973274312009,0.4924262388666824,0.4914993101770003,0.4856817096013805,0.48311647844297095,0.49221839536689016,0.4862579404984606,0.4888807412597442,0.4883090239331977,0.48966936867590655,0.49093702635176373,0.48906423632871543,0.48977213060056723,0.4887277561232598,0.4918307351826842,0.4889527484828877,0.8525588643176975,0.49038178661836207,0.48945910777421237,0.4920070052708788,0.48415806834360753,0.48490263999627087,0.852558864317698,0.49550995227974726,0.4849111536221843,0.48959495641054473,0.48602129393804294,0.4896149790768232,0.4846003217786087,0.49311801332965316,0.48888676089968874,0.4914821429599807,0.852558864317698
www.daiken-ad.com,0.792918934142393,0.8664737429627254,0.9706244505041716,0.8657384707688238,0.8722876664208863,0.9206425622496545,0.969343128090784,0.9196001578340964,0.8764571149126545,0.9289604472917214,0.9095934030650792,0.9421864656504348,0.48968631513832983,1.0,0.49272763795642677,0.8806426603213364,0.49272763795742364,0.9276412010113104,0.9212948594382149,0.9141264222782446,0.4927276379563743,0.9270950462428786,0.9114638347535102,0.9128094696005753,0.9140473552512725,0.9195350550343512,0.9103915216087177,0.7381015414907626,0.49272763795628954,0.8779086845394974,0.8741082230516655,0.8311808513290349,0.4927276379563632,0.8483673476045523,0.9215411645061612,0.6709826417990203,0.9218298843746134,0.9137919864060995,0.890322995836148,0.7941224129300041,0.9083337301616187,0.7225258562334922,0.8464810825677638,0.6249950542558539,0.9023498476719332,0.9260103855739048,0.8739706350758568,0.909115023731095,0.8089497505438958,0.9077845067459727,0.8918217770156589,0.49272763795660857,0.9164632557097058,0.6267427772166898,0.9089408144479962,0.783895213056846,0.8034632907433717,0.4927276379565545,0.9026224033305976,0.6898871560230381,0.9087460420551868,0.7283582463744941,0.8840705971103918,0.8493493862980488,0.9203598854118755,0.84729599526934,0.9350603565365357,0.4927276379563271
www.daiken.jp,0.4879917685508745,0.49161445502076606,0.49222591823758166,0.49178699430866263,0.49422389556365753,0.4953924697613698,0.4922981697004334,0.49030393262849437,0.4926711352973727,0.4942341377767884,0.4948936802428934,0.4947753414522576,0.8525588643177002,0.49272763795642677,1.0,0.492300321291855,1.0,0.4956173192204172,0.4957011850896586,0.4946598003906851,1.0,0.49477328876670246,0.4950495584212001,0.49486163061417626,0.49408855293597204,0.49347974329904964,0.4938371793470449,0.49101985572062345,1.0,0.48956509823680006,0.4925094842268436,0.4880817229880843,1.0,0.4921433384288998,0.49502240488334265,0.490479026187753,0.4946596067523908,0.4940060129001119,0.48990391959614443,0.4880951296283059,0.4945130526159058,0.4903102302174742,0.49215961353290577,0.491756485510215,0.49271568870532756,0.49360953660641416,0.4922889991591562,0.4927881479602367,0.4920517410009634,0.4942397065473349,0.4922103871025318,1.0,0.4932180272267473,0.4925674300159317,0.4943639977115493,0.4888295731332102,0.4893545838057448,0.9999999999999991,0.4968339877499755,0.4893605869143096,0.4926632192977923,0.4901433665322939,0.4926773376347638,0.4891414138707722,0.4951473891904463,0.4921638580877506,0.49399390799104265,1.0
www.dcm-hldgs.co.jp,0.9099507955224785,0.953291995126191,0.8503446580224621,0.9683847310340521,0.9325002609819403,0.9517592675130886,0.8480582894676092,0.8778658885030037,0.9896463731386749,0.9555114887041669,0.9500396232866037,0.9551486856469206,0.489080293410025,0.8806426603213364,0.492300321291855,0.9999999999999999,0.4923003212930709,0.9515194036708947,0.9449323137732399,0.9633498277381718,0.4923003212917618,0.953993859358355,0.9600651802010335,0.9606733759375843,0.966919045094145,0.9725235020825218,0.9675386569422817,0.8254281268091102,0.4923003212916981,0.8350483823259383,0.9805708274116265,0.8999860560371042,0.4923003212917567,0.9692075866035059,0.9525443218696559,0.8092599231643394,0.9619623361862897,0.9641231197098437,0.8388438843106778,0.850967734622698,0.9392394298168271,0.8090514163570935,0.9682283499285478,0.7986000582578376,0.965322507940408,0.9774094500057078,0.9812015967872187,0.9783607279702942,0.9414215692957804,0.9475095194322982,0.9828706090266746,0.49230032129208134,0.9762152004821825,0.7532609272182033,0.968566812469359,0.856951651159942,0.8581284113073799,0.49230032129194895,0.928736890362106,0.8285299821367678,0.9787064347909205,0.8162201665944979,0.9822378948449195,0.8748056889877149,0.9527348162347583,0.9688334510231298,0.9629617785520617,0.4923003212918401
www.dic-color.com,0.4879917685518166,0.4916144550218271,0.4922259182384993,0.4917869943098137,0.49422389556477586,0.4953924697625538,0.4922981697013649,0.4903039326294916,0.49267113529860573,0.494234137777993,0.49489368024407254,0.4947753414534312,0.852558864317688,0.49272763795742364,1.0,0.4923003212930709,1.0,0.49561731922159574,0.49570118509082584,0.49465980039189295,1.0,0.49477328876788434,0.49504955842240406,0.49486163061538,0.49408855293719467,0.49347974330024935,0.4938371793482608,0.4910198557214643,0.9999999999999971,0.4895650982376457,0.4925094842280078,0.48808172298912295,0.9999999999999967,0.492143338430011,0.4950224048845282,0.4904790261884458,0.4946596067535661,0.4940060129013275,0.4899039195970275,0.4880951296291741,0.4945130526170613,0.4903102302182044,0.49215961353401266,0.49175648551083945,0.49271568870652627,0.4936095366076161,0.4922889991603368,0.49278814796144543,0.4920517410020626,0.49423970654851157,0.4922103871037658,1.0,0.4932180272279649,0.4925674300165844,0.49436399771276746,0.48882957313409975,0.48935458380663654,0.9999999999999962,0.4968339877511031,0.48936058691509776,0.4926632192989937,0.49014336653300505,0.4926773376359669,0.4891414138717575,0.49514738919163254,0.49216385808885993,0.49399390799221743,0.9999999999999973
www.dic-decor.co.jp,0.790571616824348,0.8846552799811502,0.8971639761625962,0.9192618420357622,0.9545401390722024,0.9986218941655162,0.8927343842941069,0.8663917794587843,0.9508628550749669,0.9891487292066761,0.9941911200924027,0.995712456758555,0.49378446945589166,0.9276412010113104,0.4956173192204172,0.9515194036708947,0.49561731922159574,0.9999999999999999,0.9985124416914675,0.995818946178755,0.4956173192203458,0.9931711239843898,0.9968017227192508,0.9954589019389041,0.987438557873676,0.9761281611274462,0.9908997438146097,0.7196807856025553,0.49561731922025587,0.7997322535676237,0.920461366598887,0.8245529287253441,0.49561731922033947,0.8893644084229045,0.9959227723384665,0.6471081316452139,0.9904039185784561,0.9913074416136862,0.8100003052330765,0.7486920110798696,0.9884340675469935,0.6854592848667898,0.8891714093909977,0.6414437859440217,0.9722284387866265,0.9821167608234642,0.9191627880836918,0.9740128829087965,0.8509872094889107,0.9876168825280278,0.9606634584216708,0.495617319220619,0.9862315881010526,0.6323949917393097,0.9925398606348486,0.7445354313416386,0.7642982029827969,0.4956173192205609,0.9948432563479672,0.683657130322213,0.9678519657103426,0.6840758777818237,0.9391760121447477,0.8335361470679112,0.9979795695165699,0.8892089818537083,0.9913974183388277,0.4956173192202685
www.dic-ep.co.jp,0.7774889569616206,0.8772877153811325,0.8924414901833164,0.9131333355651434,0.9504956554578811,0.9977807630398046,0.8853532389759524,0.8610427240078832,0.9444962208811751,0.9871752568857488,0.9934915919665943,0.9940854897512178,0.49390340827395846,0.9212948594382149,0.4957011850896586,0.9449323137732399,0.49570118509082584,0.9985124416914675,1.0,0.995147698483293,0.4957011850895891,0.9922908759857463,0.9962165282190037,0.9945881120128779,0.985676521219641,0.9720521309359371,0.9893694256181533,0.708725962085455,0.4957011850894983,0.7906813301926021,0.9146998652683622,0.8149872540212098,0.4957011850895829,0.8830474323354432,0.9945374946334933,0.6336563894244853,0.9874589901316868,0.9894509076004969,0.800518985577801,0.7371121807462971,0.9888560021765395,0.673242140136546,0.882935798929583,0.6296013643025518,0.9705435339548011,0.9789890725464903,0.9127211917190716,0.9694454054251396,0.840038466038716,0.9860772486753029,0.9557218683472946,0.4957011850898567,0.982560858167784,0.6276434823849716,0.9909330943233692,0.7305359279010915,0.7502170421161856,0.49570118508980454,0.9961539766495306,0.6740965470523704,0.9632729907157185,0.6708500715994724,0.9324805551460513,0.8233843903714746,0.9975569373672464,0.8829394195572203,0.9891805608428368,0.4957011850895021
www.dic-estate.co.jp,0.8097051938827076,0.8937287230620603,0.8845773382572284,0.9390199309418712,0.9645435036900707,0.9972923787304904,0.8865031565341377,0.8743052599230481,0.9647742140686537,0.9922933260703695,0.993072346992542,0.9911880018605258,0.492426513485073,0.9141264222782447,0.4946598003906851,0.9633498277381718,0.49465980039189295,0.995818946178755,0.9951476984832931,0.9999999999999999,0.4946598003906082,0.991953050028307,0.9985407209278374,0.9969383227897439,0.9942347767259092,0.9836933055815804,0.9956576294371906,0.7566046155224739,0.49465980039052304,0.8047831735386897,0.9353041597386569,0.852059369500047,0.49465980039060253,0.9086914236054032,0.9941900305490886,0.6796872487906884,0.9873166358212323,0.9953461667821283,0.8212018465518577,0.7791577648793262,0.9860012615530945,0.70525658011041,0.9084690321861091,0.6797876650240491,0.9815725103021307,0.9860999854000196,0.9342970808416906,0.9760116139534623,0.8779841532672592,0.9880027886261448,0.9753793691746029,0.4946598003908948,0.990624944133139,0.6795031862026194,0.9974828825855655,0.7695863520848728,0.7857658954111122,0.49465980039082086,0.9879542328520197,0.7269178656853107,0.9722166847605324,0.7126688108750516,0.9516353632324197,0.8517828551286669,0.9975135060015776,0.9085732960203139,0.9893760477562457,0.4946598003905582
www.dic-global.com,0.4879917685507862,0.4916144550206783,0.49222591823752765,0.49178699430857076,0.4942238955635776,0.4953924697612973,0.49229816970038787,0.4903039326284214,0.49267113529728146,0.4942341377767125,0.49489368024282027,0.4947753414521859,0.852558864317703,0.4927276379563743,1.0,0.4923003212917618,1.0,0.4956173192203458,0.4957011850895891,0.4946598003906082,1.0,0.4947732887666287,0.4950495584211248,0.49486163061409943,0.49408855293589166,0.4934797432989668,0.49383717934696614,0.49101985572054946,0.9999999999999964,0.48956509823673444,0.4925094842267509,0.4880817229880057,1.0,0.492143338428806,0.4950224048832695,0.4904790261876752,0.4946596067523131,0.4940060129000351,0.48990391959607754,0.48809512962822627,0.4945130526158342,0.49031023021740444,0.49215961353281196,0.4917564855101324,0.49271568870524646,0.4936095366063301,0.49228899915906277,0.49278814796015263,0.4920517410008699,0.494239706547261,0.4922103871024416,0.9999999999999969,0.49321802722666747,0.4925674300158622,0.4943639977114707,0.48882957313313224,0.4893545838056654,0.9999999999999998,0.49683398774991006,0.4893605869142307,0.4926632192977071,0.49014336653221524,0.4926773376346725,0.4891414138706941,0.49514738919037427,0.4921638580876568,0.49399390799096665,1.0
www.dic-graphics.co.jp,0.802131407737735,0.8945672663067581,0.9037835772293018,0.9186505963592461,0.9517501005161493,0.9907440062304487,0.8888477319208958,0.8753519392793497,0.9553059457429267,0.9848396000783093,0.9900234702751469,0.9899244286144211,0.4925874630278318,0.9270950462428786,0.49477328876670246,0.953993859358355,0.49477328876788434,0.9931711239843899,0.9922908759857464,0.9919530500283069,0.4947732887666287,1.0,0.9916943646016056,0.9906956025803104,0.9855222916050287,0.9854362477336328,0.9889642968821053,0.7367119455222941,0.49477328876654186,0.8314364491554616,0.9301731923835361,0.8318329642663708,0.4947732887666222,0.8985132410514394,0.9905707787714464,0.6719514745767057,0.9864956818042889,0.9863891783192926,0.8230403352114561,0.7749030906418016,0.9826036709280039,0.7231647006341171,0.8978049435487124,0.6537413283994813,0.9807604819813406,0.9802923470824612,0.9328395835370331,0.9778127709170285,0.8632128138912558,0.9820506141920226,0.9634245254137215,0.4947732887669083,0.9795286128687226,0.6537179940586688,0.9907316152061906,0.7612135712881696,0.7872027334496943,0.4947732887668396,0.985024954672113,0.7045440610599444,0.9708510193890738,0.6979308516417286,0.9478194475708965,0.8502818367506662,0.9930460620535584,0.8981380380845367,0.9874321473826474,0.494773288766571
www.dic-kako.co.jp,0.8034373915159511,0.8902905163998452,0.8808905886153926,0.9315183021017768,0.9568178350883356,0.997343449367948,0.8808239655472785,0.8666713552662149,0.9625820678058827,0.9908869194729768,0.9932614402544526,0.9919714851694591,0.4929792694500503,0.9114638347535102,0.4950495584212001,0.9600651802010335,0.49504955842240406,0.9968017227192508,0.9962165282190039,0.9985407209278374,0.4950495584211248,0.9916943646016056,0.9999999999999999,0.9985284456417859,0.9920024373133498,0.979570815330812,0.9958801835251767,0.7426554791693785,0.4950495584210384,0.799601039417472,0.9321529462644897,0.8427299814066225,0.4950495584211192,0.9034801411129791,0.994919642287887,0.6700663854052096,0.9891161331613894,0.9948760083219337,0.8114392834271269,0.7680821262489752,0.9887867605946878,0.6991953770699321,0.9031902209707352,0.665248252881764,0.9753144097924162,0.98420744266641,0.9302611288821383,0.9783198925507078,0.8711428183541547,0.988538376888863,0.9733690786328975,0.4950495584214073,0.9905910459826159,0.6655883229305846,0.9979678893976676,0.7615920214850216,0.7763286055339471,0.495049558421339,0.991115089358398,0.7138483262012643,0.9741415290532003,0.7011642554684583,0.9503084686656222,0.8439885218472931,0.997293643010134,0.9033217040232008,0.9903895313126644,0.4950495584210678
www.dic-material.co.jp,0.8034396447116026,0.894455518137827,0.8924609656919826,0.9337534262966567,0.9550630864560523,0.9964301988965634,0.8795547838945201,0.8768952241459662,0.9642077372398405,0.9885794573560196,0.9905314177918958,0.9898176032927867,0.49271274969115975,0.9128094696005753,0.49486163061417626,0.9606733759375843,0.49486163061538,0.995458901938904,0.9945881120128779,0.9969383227897438,0.49486163061409943,0.9906956025803104,0.9985284456417858,1.0,0.9930437761356273,0.9791979446802156,0.9962698719601242,0.7481265778160326,0.4948616306140141,0.8092511804455644,0.9363259263852595,0.8478710348727944,0.4948616306140939,0.9068066249464124,0.9922976243636821,0.6781812025780317,0.9913706470618745,0.9931979644623015,0.8171010314037175,0.7764368345241806,0.988551390310759,0.7094043817180555,0.9071865971128023,0.6687566093759818,0.9748293560842801,0.9845016957415604,0.9348111160821426,0.980991105751897,0.8777526130201606,0.9864180202783364,0.975085374794491,0.494861630614383,0.988928714968855,0.6738074259273863,0.9972038298939179,0.768966951443989,0.7806124059267554,0.49486163061431304,0.9885067628456752,0.7196717633907243,0.9737821624261465,0.7080104562053783,0.9544199235655456,0.8526786006435664,0.995317281364388,0.906781355026486,0.9908053454382701,0.4948616306140498
www.dic-plas.co.jp,0.8335837989804231,0.8978325928997988,0.8931074779828023,0.9512325848582625,0.9646739311727004,0.9916333745928639,0.8947305461487749,0.8979528734274635,0.9741740132413896,0.9895224554683834,0.9845853404035588,0.9813127549144129,0.4916163686943319,0.9140473552512725,0.49408855293597204,0.966919045094145,0.49408855293719467,0.987438557873676,0.985676521219641,0.9942347767259092,0.49408855293589166,0.9855222916050287,0.9920024373133498,0.9930437761356273,1.0,0.9843139611512755,0.9949303169270898,0.791607599235457,0.49408855293581116,0.8365017025614467,0.9462330169324812,0.8787433523641346,0.494088552935886,0.9207665333680868,0.9900386170862008,0.7171540440847354,0.9855035216942205,0.9943287310373885,0.8564602755008759,0.8071931696577688,0.9821216165010072,0.7373289895677032,0.9204483534263375,0.7060411141114662,0.9830827417247002,0.9866612082545452,0.9475864377800325,0.9761135262174102,0.9051533503102618,0.986335494200097,0.9853683143265917,0.4940885529361853,0.9879692973241505,0.7229201283740835,0.9932284258945789,0.8122358158863734,0.8225010468199012,0.4940885529360991,0.9740405558875231,0.7617984534363695,0.9722866737626409,0.7451862037739936,0.960555239434517,0.8895926621392085,0.990940419509264,0.9204699013251398,0.9815323371036738,0.4940885529358683
www.dic200.com,0.8519592020986541,0.932995283219471,0.893907866257438,0.9547871642310697,0.9530887784224195,0.9766859875656366,0.9036044408742221,0.8858439635455286,0.9748556480586221,0.9748907232601818,0.971429541452916,0.9743429128203873,0.4907529531082558,0.9195350550343512,0.49347974329904964,0.9725235020825219,0.49347974330024935,0.9761281611274462,0.9720521309359372,0.9836933055815804,0.4934797432989668,0.9854362477336329,0.979570815330812,0.9791979446802156,0.9843139611512753,0.9999999999999999,0.9850863945406678,0.8114120243462777,0.4934797432988906,0.8646068398110576,0.9645739968521281,0.8812832100997163,0.49347974329896066,0.943859161030967,0.9759687560766228,0.7545386208979898,0.9821039727697565,0.9786850927891912,0.856557547907965,0.8420835744565619,0.9629591163859959,0.7838075906531152,0.9439018058214381,0.7505773101347394,0.9826865048121907,0.9839475490163345,0.9613313781170616,0.9772741984504163,0.9166180535512317,0.9669598827556123,0.9809807374953636,0.49347974329927086,0.9792060680366149,0.731706103359173,0.9857385193072944,0.8199867047343756,0.8408654422569944,0.4934797432991663,0.956777405910989,0.7827231061213287,0.9777203975440562,0.7840655330912651,0.9718454855178362,0.8910036460860493,0.9803902910823371,0.9438740483110349,0.979018239231088,0.4934797432989777
www.difaren.com,0.8292502885658493,0.9017195561432332,0.8874454794520061,0.9421584408040093,0.9567409163665679,0.9928473427836355,0.8879707029045687,0.877895250325457,0.9739558605837644,0.9858976448136251,0.988290240648918,0.9852959918190148,0.4912598699442408,0.9103915216087177,0.4938371793470449,0.9675386569422818,0.4938371793482608,0.9908997438146097,0.9893694256181533,0.9956576294371906,0.49383717934696614,0.9889642968821054,0.9958801835251767,0.9962698719601242,0.9949303169270898,0.9850863945406678,1.0,0.7697752292329444,0.49383717934688387,0.8312481326214098,0.9464409141047361,0.8708257349445828,0.49383717934696075,0.9185796088243745,0.9921100081553959,0.704874622436333,0.9915882101578061,0.9966876545028864,0.8344762899907192,0.7994549788474568,0.9893619809844602,0.7352461056531613,0.9188650265867689,0.6934876696388342,0.9838258079538719,0.9854190875040523,0.9455514066607353,0.9857088696851852,0.8922589456491717,0.9900079417541245,0.9842048617490775,0.49383717934726146,0.9928400939099793,0.6950557666393065,0.996901515225914,0.7957485657806564,0.8074854026459768,0.49383717934717714,0.9797249933104262,0.7486884981438107,0.9814826661485399,0.7329243795361962,0.9626136207730879,0.8735700143610188,0.9939698653878227,0.9185592350157148,0.9887673999444923,0.4938371793469381
www.digisystem.com,0.8550941537756886,0.8403137144923477,0.7202731518011218,0.8645211023711427,0.7588505511530197,0.7303974347401951,0.7815950071067082,0.837035027664393,0.856979534794142,0.7651365845562063,0.7129367190567588,0.7183710688402108,0.4872643334373143,0.7381015414907626,0.49101985572062345,0.8254281268091102,0.4910198557214643,0.7196807856025553,0.708725962085455,0.7566046155224739,0.49101985572054946,0.7367119455222941,0.7426554791693785,0.7481265778160326,0.791607599235457,0.8114120243462777,0.7697752292329444,1.0,0.4910198557205427,0.8251520297709953,0.8652956513511845,0.9528256887503489,0.49101985572054585,0.8741905922524951,0.7275736896739005,0.9317872885864029,0.7378408935893225,0.7612933092948593,0.8501183650925501,0.9539272289049578,0.7014668587451401,0.8998468456208066,0.8733828270186862,0.8942946670176217,0.7928288384081561,0.7773301025187005,0.8756879697070123,0.7747887446510479,0.9477575851613069,0.722286769021453,0.843739610972807,0.4910198557208077,0.7703126385390004,0.9597137220650657,0.7684365590199436,0.9411801691593407,0.9150763338946241,0.4910198557206237,0.664337079798489,0.962940709339317,0.7818820869089367,0.918779233178892,0.8600477853187323,0.8970991539225965,0.7352204597095877,0.873839231098734,0.7304908477244162,0.49101985572076845
www.dlt-spl.co.jp,0.48799176855075765,0.4916144550206293,0.49222591823744893,0.4917869943085129,0.49422389556350244,0.4953924697612084,0.4922981697003114,0.4903039326283618,0.49267113529721945,0.4942341377766264,0.49489368024273145,0.4947753414520953,0.8525588643176996,0.49272763795628954,1.0,0.4923003212916981,0.999999999999997,0.49561731922025587,0.4957011850894983,0.49465980039052304,0.9999999999999964,0.49477328876654186,0.4950495584210384,0.4948616306140141,0.49408855293581116,0.4934797432988906,0.49383717934688387,0.4910198557205427,1.0,0.4895650982366908,0.49250948422669594,0.4880817229879714,0.9999999999999962,0.4921433384287587,0.49502240488318106,0.49047902618768746,0.49465960675222864,0.494006012899951,0.48990391959603,0.48809512962820895,0.4945130526157453,0.490310230217404,0.49215961353276483,0.49175648551014317,0.49271568870517113,0.49360953660624973,0.49228899915900987,0.4927881479600773,0.4920517410008376,0.4942397065471742,0.4922103871023733,0.9999999999999978,0.4932180272265857,0.49256743001587294,0.4943639977113882,0.4888295731331174,0.48935458380564384,1.0,0.49683398774981713,0.4893605869142336,0.49266321929763246,0.49014336653221136,0.49267733763461297,0.48914141387065124,0.4951473891902859,0.4921638580876095,0.4939939079908794,0.9999999999999956
www.doutor.co.jp,0.8691304689598236,0.8451291377039502,0.9035948781520704,0.8405937182025752,0.8023892872388154,0.7980795067155202,0.8782317858980342,0.9166847621749743,0.8488495112915704,0.8176807387754643,0.7928938211698264,0.8097374770600496,0.48520119217062563,0.8779086845394974,0.48956509823680006,0.8350483823259383,0.4895650982376457,0.7997322535676237,0.790681330192602,0.8047831735386897,0.48956509823673444,0.8314364491554616,0.799601039417472,0.8092511804455644,0.8365017025614467,0.8646068398110576,0.8312481326214098,0.8251520297709953,0.4895650982366908,1.0,0.8722342775893557,0.8713544498343364,0.4895650982367265,0.8574502710933118,0.8193774800116407,0.8204072952274291,0.8394582074862135,0.8200786548883758,0.953586549632832,0.8990690841470862,0.8193096484731892,0.8716536428680215,0.8558373540227364,0.7481497109300792,0.8500424807401811,0.8476289743827071,0.8818400751399602,0.8538282525634622,0.8567738622860503,0.8208764579124022,0.8637249591415574,0.48956509823697714,0.8220361470177305,0.773067135374156,0.8139662193387303,0.9043049733756868,0.9305192512710326,0.4895650982368569,0.7547077246810618,0.8187905488747318,0.8598235384863387,0.8490957148135376,0.8650592072931111,0.9521107002283751,0.8059788554729831,0.8560310218611984,0.8281521113020465,0.489565098236847
www.fuwapple.jp,0.9034699582828891,0.9788432025542941,0.8515087161752901,0.9691047639917181,0.8880539733531398,0.9215320139578544,0.8539512808111607,0.8762872349032712,0.9791082802710879,0.9231604731566319,0.9103281399998727,0.9242290170995943,0.48937692888874595,0.8741082230516655,0.4925094842268436,0.9805708274116265,0.4925094842280078,0.920461366598887,0.9146998652683622,0.9353041597386569,0.4925094842267509,0.930173192383536,0.9321529462644897,0.9363259263852596,0.9462330169324812,0.9645739968521281,0.9464409141047361,0.8652956513511845,0.49250948422669594,0.8722342775893557,1.0,0.9127308259922229,0.49250948422674556,0.993357642665007,0.9204674709881999,0.8643368389253707,0.9465764590099063,0.9339362432595744,0.8505288819276309,0.8906655830477305,0.9072219728466531,0.8581635865887617,0.9933816986827833,0.8446541803721594,0.9380735225930142,0.9612845977605072,0.9916471289331795,0.9637901181128621,0.9607159821756113,0.9103308961169131,0.9731627148018029,0.4925094842270701,0.9489869852198238,0.8107933416699125,0.9449444283822489,0.8851695801001265,0.8778620042899847,0.492509484226922,0.8908102402824862,0.8692493946817793,0.9685169798903337,0.8745496372002657,0.9890974388951106,0.8927369916581653,0.9246312755754815,0.993348606908435,0.9404030379851398,0.4925094842268783
www.global.jcb,0.9010611713281688,0.8862372663306899,0.8114385265020463,0.9073052444544325,0.8324443419836092,0.8321634956137959,0.8540986191470044,0.8923339846637889,0.9265309274061448,0.8581781930710959,0.8208987699392265,0.8285340953318221,0.4830974651070961,0.8311808513290349,0.4880817229880843,0.8999860560371042,0.48808172298912295,0.8245529287253441,0.8149872540212098,0.852059369500047,0.4880817229880057,0.8318329642663708,0.8427299814066225,0.8478710348727944,0.8787433523641345,0.8812832100997163,0.8708257349445828,0.9528256887503489,0.4880817229879714,0.8713544498343364,0.9127308259922228,0.9999999999999999,0.48808172298800073,0.9056769107822462,0.8337165570435896,0.8913613225098607,0.8408240942937737,0.8689642535922183,0.8920369959608382,0.9453492811583875,0.8227259838430511,0.8927447923561385,0.9047825008062861,0.8410193595848332,0.8851395622901042,0.8641313396079162,0.9264123622037981,0.8802987041762607,0.954445075774143,0.8397553876476853,0.9214386649693405,0.4880817229883051,0.8773982630224891,0.8817965305417443,0.8634278797268323,0.9470176083698416,0.9279767843364658,0.4880817229881342,0.7749891827356075,0.9361319543365472,0.884535802082977,0.8890230085804829,0.9239843766150505,0.9286654635843123,0.8350196862116318,0.9051246231762935,0.8422697183345212,0.48808172298816405
www.ibanez.com,0.4879917685507812,0.49161445502067236,0.4922259182375174,0.49178699430856576,0.4942238955635728,0.4953924697612913,0.49229816970037815,0.4903039326284125,0.49267113529727663,0.4942341377767058,0.4948936802428144,0.49477534145217866,0.8525588643177036,0.4927276379563632,1.0,0.4923003212917567,0.9999999999999967,0.49561731922033947,0.4957011850895829,0.49465980039060253,1.0,0.4947732887666222,0.4950495584211192,0.4948616306140939,0.494088552935886,0.4934797432989607,0.49383717934696075,0.49101985572054585,0.9999999999999962,0.4895650982367265,0.49250948422674556,0.48808172298800073,1.0,0.4921433384288011,0.4950224048832633,0.49047902618767275,0.49465960675230713,0.49400601290002943,0.4899039195960692,0.4880951296282212,0.4945130526158287,0.49031023021740044,0.4921596135328073,0.4917564855101318,0.49271568870524085,0.4936095366063236,0.49228899915905733,0.49278814796014686,0.4920517410008661,0.4942397065472554,0.49221038710243653,0.9999999999999967,0.4932180272266616,0.49256743001586134,0.4943639977114654,0.48882957313312725,0.4893545838056599,0.9999999999999976,0.49683398774990445,0.4893605869142286,0.49266321929770124,0.49014336653221124,0.4926773376346672,0.4891414138706885,0.4951473891903683,0.49216385808765195,0.49399390799096005,0.9999999999999977
www.imabarigauze.jp,0.912080248711045,0.9733815036483457,0.8250222433779257,0.9755055123754494,0.8665319946093571,0.8929057274553569,0.8339038046568252,0.8653570407066505,0.9594723053966834,0.8993192372787994,0.8830017302433797,0.8973781880113028,0.48885765986022056,0.8483673476045523,0.4921433384288998,0.9692075866035059,0.492143338430011,0.8893644084229045,0.8830474323354432,0.9086914236054032,0.492143338428806,0.8985132410514394,0.9034801411129791,0.9068066249464124,0.9207665333680868,0.943859161030967,0.9185796088243745,0.8741905922524951,0.4921433384287587,0.8574502710933118,0.993357642665007,0.9056769107822462,0.4921433384288011,1.0,0.8908521140234256,0.8798149111102676,0.9181503311301897,0.9065946813229494,0.8440613805508634,0.8915188174748927,0.8757241268076419,0.8469662361598753,0.9997327920996704,0.8843682644859495,0.9091165055627591,0.9469242928380928,0.9768163177801936,0.9347377886776502,0.9560997155484269,0.8808937368362066,0.956853630151317,0.4921433384291177,0.929468538599056,0.8353877205045527,0.9169477789882406,0.8869746227244912,0.8697324819068176,0.49214333842896313,0.8588020147701614,0.887537132392453,0.9470168801394205,0.9053048489953435,0.9697404372949018,0.8862681320131174,0.8954190802719602,0.9999617969296383,0.9149933053981383,0.49214333842896374
www.ishimakura.jp,0.8116616242045396,0.8763268316541166,0.8905369773856213,0.9245106397868617,0.9636798779943323,0.9959704930707535,0.8938399837857313,0.8763093210729478,0.953841155805048,0.990408304063843,0.9938609644027487,0.9914836980459714,0.4929407602242078,0.9215411645061613,0.49502240488334265,0.9525443218696559,0.4950224048845282,0.9959227723384666,0.9945374946334933,0.9941900305490886,0.4950224048832695,0.9905707787714464,0.994919642287887,0.9922976243636821,0.9900386170862007,0.9759687560766227,0.992110008155396,0.7275736896739005,0.49502240488318106,0.8193774800116407,0.9204674709881999,0.8337165570435896,0.4950224048832633,0.8908521140234256,0.9999999999999999,0.6561070934137361,0.9892860922245139,0.9942516112291212,0.8351949578944677,0.7566496507338093,0.9933976833645939,0.6903503371274711,0.8898194434247897,0.6532577069743755,0.9757129289831562,0.9841612791547347,0.9208579833281378,0.9728408936600441,0.8560451296468239,0.9948418165330268,0.967379802320962,0.49502240488354665,0.9877934124835472,0.6468837482148955,0.9909458741013577,0.7651525548900331,0.789874609917578,0.49502240488348365,0.9894557634017289,0.6961719089778438,0.9712875373896586,0.6968017166931206,0.9375574228389288,0.8573624781470042,0.9966064088706366,0.8903457524728255,0.9877964031704938,0.49502240488319854
www.jeol.co.jp,0.8830031200869772,0.8669775236510622,0.6589627017153079,0.8181885537649081,0.6718238925055463,0.6503428200474881,0.6905843431847698,0.7600711572539682,0.820756310927022,0.674453273028724,0.6348144005398494,0.6547714182539137,0.4864973274312009,0.6709826417990203,0.490479026187753,0.8092599231643394,0.4904790261884458,0.6471081316452139,0.6336563894244853,0.6796872487906884,0.4904790261876752,0.6719514745767057,0.6700663854052096,0.6781812025780317,0.7171540440847354,0.7545386208979898,0.704874622436333,0.9317872885864029,0.49047902618768746,0.8204072952274291,0.8643368389253707,0.8913613225098607,0.49047902618767275,0.8798149111102676,0.6561070934137361,1.0,0.6959743416463313,0.6887163964060403,0.7998713652024698,0.9349293704212323,0.6332803371062402,0.9500694488257496,0.8788495574347965,0.927514804760998,0.7295708579085491,0.7275063054317599,0.8696307560291487,0.7545931139031854,0.9253166157942165,0.6511093737332859,0.7940981871356981,0.4904790261879213,0.7132779608798572,0.9054647407875658,0.701831211532885,0.9435717954331535,0.9158491718810822,0.4904790261877176,0.5898016334790102,0.9610921432338996,0.7625932260524384,0.9363231414359903,0.8453205293891428,0.83219892998215,0.6558237188709443,0.8794194509953341,0.6804676210611672,0.49047902618799355
www.kuroda-electric.co.jp,0.8227241143030812,0.9140439284832972,0.902419815431927,0.9333251430263032,0.9467274557500642,0.9894184804396449,0.893587356453579,0.8707346925202999,0.9614071365110325,0.9756124454427806,0.9809317641475743,0.9864812921003874,0.49242623886668235,0.9218298843746134,0.4946596067523908,0.9619623361862897,0.4946596067535661,0.9904039185784561,0.9874589901316868,0.9873166358212322,0.4946596067523131,0.986495681804289,0.9891161331613894,0.9913706470618744,0.9855035216942204,0.9821039727697565,0.9915882101578061,0.7378408935893225,0.49465960675222864,0.8394582074862135,0.9465764590099063,0.8408240942937737,0.49465960675230713,0.9181503311301898,0.9892860922245139,0.6959743416463313,1.0,0.985666181373275,0.8317344028292952,0.7820080397805909,0.9862271029221477,0.7293262423304185,0.9192283599119295,0.689690387979965,0.9699566123256573,0.9863134042298198,0.9403456231928401,0.9849847495474255,0.8754028652773946,0.9825070257888391,0.9713334879176597,0.4946596067525996,0.9852241400580735,0.6583707071692517,0.9886323509419391,0.7778088993439027,0.7976968200311374,0.49465960675252363,0.9800384006569622,0.7153263495692297,0.9814614359942155,0.7339588040856462,0.9577457338751303,0.8609744181384311,0.9892658563229868,0.9183722025064456,0.9925129197693154,0.49465960675227955
www.lemonadestand-pa.jp,0.8327308141633836,0.8891501151366714,0.8835337557931562,0.9374634607234447,0.9590606367967542,0.9936091506637494,0.8904471811957432,0.8797314938954143,0.9692166080323705,0.9903953675505454,0.9920533802336027,0.9871945018407767,0.4914993101770003,0.9137919864060996,0.4940060129001119,0.9641231197098437,0.4940060129013275,0.9913074416136862,0.9894509076004969,0.9953461667821282,0.4940060129000351,0.9863891783192926,0.9948760083219337,0.9931979644623015,0.9943287310373885,0.9786850927891912,0.9966876545028864,0.7612933092948594,0.494006012899951,0.8200786548883758,0.9339362432595745,0.8689642535922183,0.49400601290002943,0.9065946813229494,0.9942516112291213,0.6887163964060403,0.985666181373275,1.0,0.8371480627930898,0.784255408840562,0.9897913250210726,0.7169401471876569,0.9057608493501129,0.6818957629875535,0.982344114653257,0.9842818491208136,0.9357412489000438,0.9794678099110894,0.8810617197460013,0.9936227753686657,0.9804210143583079,0.4940060129003267,0.9941429176701613,0.684196670010086,0.9940046664405428,0.7892277301031468,0.803217727795643,0.49400601290024704,0.9811519203264936,0.737741281546411,0.9780314799134537,0.7212307042953563,0.9529845729718739,0.8682214721087287,0.9937923115869298,0.9061898988999659,0.9870105147047927,0.4940060128999921
www.lotte-isf.or.jp,0.8848973581320048,0.8122158142240463,0.896547117910687,0.869436635017457,0.8576706503436251,0.8148923188195344,0.9047433637450422,0.9586695500374687,0.8495308887248959,0.8500815383649387,0.8054808844208661,0.8221928670358222,0.4856817096013805,0.890322995836148,0.48990391959614443,0.8388438843106778,0.4899039195970275,0.8100003052330766,0.8005189855778009,0.8212018465518577,0.48990391959607754,0.8230403352114561,0.8114392834271269,0.8171010314037175,0.8564602755008759,0.856557547907965,0.8344762899907192,0.8501183650925501,0.48990391959603,0.953586549632832,0.8505288819276309,0.8920369959608382,0.4899039195960692,0.8440613805508634,0.8351949578944677,0.7998713652024698,0.8317344028292952,0.8371480627930898,1.0,0.8957475596983211,0.8269744133762832,0.8027463223252382,0.8407830570461183,0.7629283773701447,0.8506443878845384,0.8606833305912962,0.8612954794448848,0.8325414812499095,0.8669459712722988,0.8394019257418204,0.876540475514418,0.48990391959631485,0.8374994389921817,0.7965814771674781,0.821325744958503,0.9172963015874658,0.9434201107687056,0.4899039195962049,0.765095040412938,0.8293962617001003,0.8469780907430167,0.8487125981844952,0.8476849509360095,0.9615876238543293,0.8156290185818906,0.8420504300505702,0.8301370498521177,0.48990391959616514
www.lotte.co.jp,0.8947039200929249,0.8763157074998286,0.7960498658550231,0.8668635660742263,0.7874339285926854,0.7516974894558451,0.8119658838076116,0.87325087651827,0.869500702514058,0.7851923094268614,0.7391263546563199,0.7566354092733791,0.48311647844297095,0.7941224129300041,0.4880951296283059,0.850967734622698,0.4880951296291741,0.7486920110798696,0.7371121807462973,0.7791577648793262,0.48809512962822627,0.7749030906418016,0.7680821262489752,0.7764368345241806,0.8071931696577689,0.842083574456562,0.7994549788474568,0.9539272289049578,0.48809512962820895,0.8990690841470861,0.8906655830477306,0.9453492811583873,0.4880951296282212,0.8915188174748927,0.7566496507338093,0.9349293704212323,0.7820080397805909,0.784255408840562,0.8957475596983211,1.0,0.7443520415663069,0.9250995738349597,0.8913277835433121,0.878268610020905,0.8233280116616325,0.808490358710348,0.9017756622366219,0.8266435137044268,0.9404050139917066,0.7559049329068106,0.8668927537381971,0.48809512962849644,0.7956557866975849,0.8996804883217808,0.7949512555659415,0.9469681410455976,0.9488553852081268,0.4880951296283197,0.6923635796790368,0.9492374908764969,0.832405061691506,0.9255021659846223,0.8888443885399895,0.9113150524297767,0.7574781928378033,0.891095800150993,0.7815582198596078,0.4880951296284496
www.luno-nishikawa.jp,0.8024919044803658,0.8573383159062995,0.8933149898771342,0.9112316712183275,0.955286572207702,0.989418161947189,0.878273800792797,0.8719703800114069,0.941837999361711,0.9820089485116867,0.9896647647036297,0.9840046815815828,0.49221839536689016,0.9083337301616187,0.4945130526159058,0.9392394298168272,0.4945130526170613,0.9884340675469934,0.9888560021765396,0.9860012615530945,0.4945130526158342,0.9826036709280039,0.988786760594688,0.988551390310759,0.9821216165010072,0.9629591163859959,0.9893619809844602,0.7014668587451401,0.4945130526157453,0.8193096484731892,0.9072219728466531,0.8227259838430511,0.4945130526158287,0.8757241268076419,0.9933976833645939,0.6332803371062403,0.9862271029221477,0.9897913250210727,0.8269744133762832,0.7443520415663069,1.0,0.6719191006955894,0.8756629423951562,0.6318216317518122,0.9687830365075536,0.9755762197444224,0.9064391311724082,0.9695797613416854,0.8357287422077821,0.9962209733004181,0.9619698207420624,0.49451305261610334,0.9820023740707196,0.63253899933327,0.983134715271722,0.7474163454733858,0.771859996020896,0.49451305261604905,0.9853257608746215,0.6821442745981079,0.9671993788433386,0.6794283210073033,0.9262911950909514,0.8539509746662712,0.9892924118449918,0.8754236764470888,0.9847928752671087,0.49451305261575473
www.mmtec.co.jp,0.8605538050908408,0.8736709659532493,0.719197224109523,0.7771866538042126,0.6775343297511112,0.6807394931837956,0.7208128302521563,0.7785107106944542,0.8360020876675682,0.6964117726376272,0.6718062161121473,0.6895281180275071,0.4862579404984606,0.7225258562334922,0.4903102302174742,0.8090514163570934,0.4903102302182044,0.6854592848667898,0.673242140136546,0.70525658011041,0.49031023021740444,0.7231647006341171,0.6991953770699322,0.7094043817180555,0.7373289895677031,0.7838075906531152,0.7352461056531613,0.8998468456208066,0.490310230217404,0.8716536428680215,0.8581635865887616,0.8927447923561386,0.49031023021740044,0.8469662361598753,0.6903503371274711,0.9500694488257496,0.7293262423304185,0.7169401471876569,0.8027463223252382,0.9250995738349597,0.6719191006955894,1.0,0.8460348242627442,0.8351580417726487,0.7723426238645402,0.7347947861643335,0.883204354608004,0.797458771285245,0.9054066790802761,0.683116636206663,0.796902373869578,0.490310230217656,0.7279062989562683,0.8319514218320949,0.7306866393527025,0.9236574003076982,0.9201345436636303,0.4903102302174642,0.62798982553686,0.9014224647451932,0.7898753601348001,0.8723990808797408,0.8624780469210118,0.8407081457926422,0.690927371820753,0.846390690419783,0.7130007990118077,0.4903102302176583
www.moussepuff.jp,0.9078516161093556,0.9732943250593473,0.8254964235378695,0.9752578108200871,0.8664227283950889,0.8929782046137587,0.833635423575485,0.86245397060426,0.9586751554427327,0.8974962292638959,0.8818797193532375,0.896334159618834,0.4888807412597442,0.8464810825677638,0.49215961353290577,0.9682283499285478,0.49215961353401266,0.8891714093909977,0.882935798929583,0.9084690321861091,0.49215961353281196,0.8978049435487124,0.9031902209707352,0.9071865971128023,0.9204483534263375,0.9439018058214381,0.9188650265867689,0.8733828270186862,0.49215961353276483,0.8558373540227364,0.9933816986827833,0.9047825008062861,0.4921596135328073,0.9997327920996704,0.8898194434247897,0.8788495574347965,0.9192283599119294,0.9057608493501128,0.8407830570461183,0.8913277835433121,0.8756629423951562,0.8460348242627442,1.0,0.8845410600961032,0.908799958675647,0.945840309288746,0.9758862814858452,0.9343669844299018,0.9558427257965452,0.8800048680647488,0.9561835254198731,0.49215961353312326,0.9286969796358693,0.8348651808047944,0.916860154053529,0.8843000738065443,0.8662870306693106,0.4921596135329691,0.8587088950184275,0.886861261371821,0.9456434225291883,0.9044568246505309,0.9694646619396163,0.8850178901532857,0.8954083101942412,0.9998858817489209,0.9149644594148751,0.4921596135329699
www.mpuni.co.jp,0.8763717107283935,0.8527191590258922,0.6090751673878958,0.8500433413658133,0.6970022462066597,0.6528003949719936,0.6558241561504209,0.7272060714152866,0.7918080907795481,0.6757879892861494,0.6431725368486715,0.6519538399148702,0.4883090239331977,0.6249950542558539,0.491756485510215,0.7986000582578376,0.49175648551083945,0.6414437859440217,0.6296013643025518,0.6797876650240491,0.4917564855101324,0.6537413283994814,0.665248252881764,0.6687566093759818,0.7060411141114662,0.7505773101347394,0.6934876696388342,0.8942946670176217,0.49175648551014317,0.7481497109300792,0.8446541803721594,0.8410193595848332,0.4917564855101318,0.8843682644859495,0.6532577069743755,0.9275148047609979,0.689690387979965,0.6818957629875535,0.7629283773701447,0.878268610020905,0.6318216317518122,0.8351580417726487,0.8845410600961032,1.0,0.7057128562205454,0.7415332273537598,0.8258510115113473,0.7181607215221902,0.8824205042236273,0.6503724471190171,0.7826702242880609,0.4917564855103664,0.714535101414157,0.8984465879252537,0.6895137634311252,0.8574676766966126,0.8434630963715708,0.49175648551017676,0.5976701858335718,0.9139922467002672,0.7503771394186552,0.9654608750447073,0.8054095003504906,0.8038390564987574,0.6539806857167575,0.8846990019127294,0.6811542171073285,0.4917564855104139
www.nemuri-soudan.jp,0.8467390287128673,0.8970787937796537,0.8859738787962685,0.9300093618953575,0.9635414970802362,0.9732860413790968,0.879055204844196,0.8859466097939974,0.9719340302113806,0.9731676830203095,0.9739634504617883,0.9678207052681171,0.48966936867590655,0.9023498476719332,0.49271568870532756,0.965322507940408,0.49271568870652627,0.9722284387866265,0.9705435339548011,0.9815725103021307,0.49271568870524646,0.9807604819813407,0.9753144097924162,0.9748293560842801,0.9830827417247001,0.9826865048121907,0.9838258079538718,0.7928288384081561,0.49271568870517113,0.850042480740181,0.9380735225930144,0.8851395622901042,0.49271568870524085,0.9091165055627591,0.9757129289831562,0.7295708579085491,0.9699566123256576,0.982344114653257,0.8506443878845384,0.8233280116616325,0.9687830365075535,0.7723426238645402,0.908799958675647,0.7057128562205454,1.0,0.9688305612659263,0.9510718535070992,0.9741846139175862,0.8986216156426761,0.9766450153083914,0.9740117012143661,0.4927156887055487,0.9739331534624223,0.7107273428354702,0.9802765763803833,0.8152741888111077,0.8415595840905371,0.492715688705445,0.9539412364174638,0.7739877640244879,0.9661946058312944,0.7364990163247606,0.9573085278649953,0.8807277270665708,0.9772685083245848,0.9088665020012303,0.9687833677257529,0.49271568870523963
www.nishikawa1566.com,0.8625599585343381,0.9265592494616006,0.9027339400569805,0.9668814501674956,0.9521468650227283,0.9838016586645699,0.8933136568246298,0.9060663678077969,0.9683082415849259,0.9849586210259199,0.9807694090271464,0.9858282335632136,0.49093702635176373,0.9260103855739048,0.49360953660641416,0.9774094500057078,0.4936095366076161,0.9821167608234642,0.9789890725464903,0.9860999854000196,0.4936095366063301,0.9802923470824612,0.98420744266641,0.9845016957415604,0.9866612082545451,0.9839475490163345,0.9854190875040523,0.7773301025187005,0.49360953660624973,0.847628974382707,0.9612845977605073,0.8641313396079161,0.4936095366063236,0.9469242928380928,0.9841612791547347,0.72750630543176,0.9863134042298198,0.9842818491208136,0.8606833305912962,0.808490358710348,0.9755762197444223,0.7347947861643335,0.945840309288746,0.7415332273537598,0.9688305612659263,1.0,0.9533802883496225,0.9770973982376769,0.895780225996904,0.977192721227089,0.9815025535868858,0.49360953660662626,0.9900994735149322,0.7124108634979809,0.9838753534243792,0.8086327783810467,0.8200671706563234,0.49360953660653556,0.9685747882256636,0.7592849012428313,0.9824401102750862,0.7831270171742597,0.9613558739439572,0.883090147082173,0.9827791059845306,0.9463735242678362,0.9891685860386578,0.4936095366063274
www.nishikawasangyo.co.jp,0.9126872648131811,0.9703255415345375,0.8539573688143555,0.9525238184952174,0.8962753467236182,0.9183532379835646,0.8453683288922687,0.8896276678135133,0.986938795878954,0.9246858785154657,0.9103099579494113,0.9209295955853034,0.48906423632871543,0.8739706350758568,0.4922889991591562,0.9812015967872187,0.4922889991603368,0.9191627880836919,0.9127211917190716,0.9342970808416906,0.49228899915906277,0.9328395835370331,0.9302611288821383,0.9348111160821426,0.9475864377800325,0.9613313781170616,0.9455514066607353,0.8756879697070123,0.49228899915900987,0.8818400751399602,0.9916471289331795,0.9264123622037981,0.49228899915905733,0.9768163177801936,0.9208579833281378,0.8696307560291487,0.9403456231928401,0.935741248900044,0.8612954794448848,0.9017756622366219,0.9064391311724082,0.8832043546080038,0.9758862814858453,0.8258510115113473,0.9510718535070992,0.9533802883496225,1.0,0.9680073375327529,0.9670227554799617,0.9129955193837593,0.9728968383431411,0.4922889991593875,0.9431015688195795,0.8116201124787679,0.9444834253809617,0.8986236548495358,0.9040125230280454,0.4922889991592318,0.8861367872626389,0.873349201636753,0.9666515322931966,0.8578400005275646,0.9929943327624151,0.899781426770838,0.9222093653360014,0.976345308895846,0.935443662071433,0.4922889991591859
www.nissay-it.co.jp,0.8645128092800716,0.9392863916223445,0.8875013737078963,0.9316376365641943,0.926261073915946,0.9705635129749541,0.8671180294105094,0.8766694992640165,0.9812109036724783,0.9657054928639324,0.9685771996939946,0.9745009386457417,0.48977213060056723,0.909115023731095,0.4927881479602367,0.9783607279702942,0.49278814796144543,0.9740128829087964,0.9694454054251397,0.9760116139534623,0.49278814796015263,0.9778127709170286,0.9783198925507078,0.980991105751897,0.9761135262174103,0.9772741984504163,0.9857088696851852,0.7747887446510479,0.4927881479600773,0.8538282525634622,0.9637901181128621,0.8802987041762607,0.49278814796014686,0.9347377886776502,0.9728408936600441,0.7545931139031854,0.9849847495474257,0.9794678099110894,0.8325414812499095,0.8266435137044268,0.9695797613416854,0.797458771285245,0.9343669844299018,0.7181607215221902,0.9741846139175862,0.9770973982376769,0.9680073375327529,0.9999999999999999,0.907216913483122,0.969599136936039,0.9795612568047382,0.49278814796045983,0.9822630834258784,0.6885265194008093,0.983416196655005,0.8230506829867413,0.8362399869880389,0.49278814796035403,0.9564466809679414,0.7676116664866471,0.9935842689856801,0.7623898034232655,0.9813356548008867,0.8672420838484316,0.9718546922714972,0.934410666016017,0.9829637623712619,0.4927881479601734
www.nisshin.com,0.906991987491937,0.9303735500232158,0.7912286699075848,0.944159233968892,0.8670656356618298,0.8571038303428953,0.8153921546220733,0.8723977033377068,0.9594815613067204,0.8731665442470117,0.8421679844410083,0.847130238637744,0.4887277561232598,0.8089497505438958,0.4920517410009634,0.9414215692957804,0.4920517410020626,0.8509872094889107,0.840038466038716,0.8779841532672591,0.49205174100086996,0.8632128138912558,0.8711428183541547,0.8777526130201606,0.9051533503102618,0.9166180535512316,0.8922589456491717,0.9477575851613069,0.4920517410008376,0.8567738622860503,0.9607159821756114,0.954445075774143,0.4920517410008661,0.9560997155484269,0.8560451296468239,0.9253166157942165,0.8754028652773946,0.8810617197460013,0.8669459712722988,0.9404050139917066,0.8357287422077821,0.9054066790802761,0.9558427257965452,0.8824205042236273,0.8986216156426761,0.895780225996904,0.9670227554799617,0.907216913483122,1.0,0.850855606775319,0.9468004252703559,0.49205174100118065,0.8912881415245058,0.8944941844690346,0.8928325661807897,0.9454017429065708,0.9285635296996819,0.4920517410010057,0.8082069669471791,0.9382111931989503,0.9065404145748729,0.8965714471239394,0.9621825265871708,0.9180645932403517,0.8586625654775888,0.9558806739855225,0.8625760289440004,0.4920517410010564
www.order-makura.jp,0.8216496435604203,0.8593395261471601,0.8852178111450939,0.9200636184099618,0.9657443944711694,0.9893509384612855,0.8823535069795923,0.8758171810496472,0.9512589929615521,0.9871968126374666,0.9913602691842265,0.9841807042167088,0.4918307351826842,0.9077845067459727,0.4942397065473349,0.9475095194322982,0.49423970654851157,0.9876168825280278,0.9860772486753029,0.9880027886261449,0.494239706547261,0.9820506141920226,0.9885383768888631,0.9864180202783364,0.9863354942000971,0.9669598827556122,0.9900079417541245,0.722286769021453,0.4942397065471742,0.8208764579124022,0.910330896116913,0.8397553876476853,0.4942397065472554,0.8808937368362066,0.9948418165330268,0.6511093737332859,0.982507025788839,0.9936227753686657,0.8394019257418204,0.7559049329068106,0.996220973300418,0.683116636206663,0.8800048680647488,0.6503724471190172,0.9766450153083915,0.977192721227089,0.9129955193837593,0.969599136936039,0.850855606775319,1.0,0.9689594173355454,0.49423970654753824,0.9860711543092378,0.6490783587897688,0.9841000968167088,0.7666261078775065,0.7919302640768857,0.4942397065474733,0.9814257831751576,0.7024536559512543,0.968992446792784,0.69222728611064,0.9306689291885327,0.8645171812155791,0.9894191536338389,0.8803506125393692,0.9817668856420643,0.4942397065471934
www.paris-miki.co.jp,0.8924190588509684,0.9278354586013837,0.870846922668511,0.9717873856581762,0.9503649752358507,0.9651534196168705,0.877908160161424,0.9039162428253463,0.9903949784282655,0.9728536463361495,0.9603771965513938,0.9600947112125525,0.4889527484828877,0.8918217770156589,0.4922103871025318,0.9828706090266747,0.4922103871037658,0.9606634584216709,0.9557218683472946,0.9753793691746029,0.4922103871024416,0.9634245254137215,0.9733690786328975,0.975085374794491,0.9853683143265917,0.9809807374953636,0.9842048617490775,0.843739610972807,0.4922103871023733,0.8637249591415573,0.9731627148018029,0.9214386649693403,0.49221038710243653,0.956853630151317,0.9673798023209621,0.7940981871356981,0.9713334879176596,0.9804210143583079,0.876540475514418,0.8668927537381971,0.9619698207420623,0.796902373869578,0.956183525419873,0.7826702242880609,0.974011701214366,0.9815025535868858,0.9728968383431411,0.9795612568047382,0.9468004252703559,0.9689594173355454,1.0,0.49221038710275844,0.9840253367204018,0.7836423870964508,0.9809355314339931,0.8678164213748476,0.8724881774483308,0.49221038710263615,0.9382220069607561,0.8366171618508116,0.9831203431756301,0.815134468990213,0.9822463690687282,0.9169063328066065,0.9659707305811801,0.9564382883265796,0.9687090686317055,0.49221038710249465
www.pokkasapporo-fb.jp,0.48799176855107,0.491614455020984,0.49222591823774287,0.4917869943088737,0.4942238955638475,0.49539246976157153,0.4922981697006126,0.49030393262867034,0.4926711352976061,0.494234137776993,0.49489368024309244,0.49477534145246027,0.8525588643176973,0.49272763795660857,1.0,0.49230032129208134,1.0,0.495617319220619,0.4957011850898567,0.4946598003908948,0.9999999999999969,0.4947732887669083,0.4950495584214073,0.494861630614383,0.4940885529361853,0.49347974329927086,0.49383717934726146,0.4910198557208077,0.9999999999999978,0.48956509823697714,0.4925094842270701,0.4880817229883051,0.9999999999999967,0.4921433384291177,0.49502240488354665,0.4904790261879213,0.4946596067525996,0.4940060129003267,0.48990391959631485,0.48809512962849644,0.49451305261610334,0.490310230217656,0.49215961353312326,0.4917564855103664,0.4927156887055487,0.49360953660662626,0.4922889991593875,0.49278814796045983,0.49205174100118065,0.49423970654753824,0.49221038710275844,0.9999999999999999,0.4932180272269657,0.4925674300160729,0.49436399771176376,0.488829573133399,0.48935458380593816,0.9999999999999968,0.49683398775015997,0.4893605869144896,0.4926632192980174,0.49014336653246054,0.4926773376349964,0.4891414138709627,0.49514738919065165,0.49216385808796836,0.4939939079912512,0.9999999999999962
www.recomm.co.jp,0.8520388649944655,0.9105354040803737,0.8824489947484614,0.954735750474007,0.9496286291792142,0.9879716045025213,0.8916739880675031,0.8808971059562773,0.9726758057004394,0.9865276024819005,0.9862777078884619,0.9878529068693314,0.49038178661836207,0.9164632557097058,0.4932180272267473,0.9762152004821826,0.4932180272279649,0.9862315881010526,0.9825608581677839,0.9906249441331391,0.49321802722666747,0.9795286128687226,0.9905910459826159,0.988928714968855,0.9879692973241505,0.9792060680366148,0.9928400939099792,0.7703126385390004,0.4932180272265857,0.8220361470177305,0.9489869852198238,0.8773982630224892,0.4932180272266616,0.929468538599056,0.9877934124835472,0.7132779608798573,0.9852241400580735,0.9941429176701613,0.8374994389921817,0.795655786697585,0.9820023740707196,0.7279062989562683,0.9286969796358693,0.714535101414157,0.9739331534624223,0.9900994735149322,0.9431015688195796,0.9822630834258784,0.8912881415245058,0.9860711543092378,0.9840253367204017,0.4932180272269657,1.0,0.6915975408790795,0.9910142329313877,0.8038734325685843,0.8066126060721572,0.49321802722687647,0.9737797597079575,0.7577185750039601,0.9842929891750678,0.7525008127776244,0.959964573948086,0.868266256573612,0.9878694437008851,0.929135699149744,0.9891115235921766,0.49321802722665437
www.sangetsu.co.jp,0.8014017126395353,0.7646913051392348,0.6392295840292945,0.82638279324706,0.6897404329107885,0.6510264033478783,0.6742527165005419,0.7828715339024722,0.7826639483992861,0.6882478577840145,0.6356397292037255,0.629773341989903,0.48945910777421237,0.6267427772166898,0.4925674300159317,0.7532609272182033,0.4925674300165844,0.6323949917393097,0.6276434823849716,0.6795031862026194,0.4925674300158622,0.6537179940586688,0.6655883229305846,0.6738074259273863,0.7229201283740835,0.731706103359173,0.6950557666393065,0.9597137220650657,0.49256743001587294,0.773067135374156,0.8107933416699125,0.8817965305417443,0.49256743001586134,0.8353877205045527,0.6468837482148955,0.9054647407875658,0.6583707071692517,0.684196670010086,0.7965814771674782,0.8996804883217808,0.63253899933327,0.8319514218320949,0.8348651808047944,0.8984465879252537,0.7107273428354702,0.7124108634979809,0.8116201124787679,0.6885265194008093,0.8944941844690346,0.6490783587897688,0.7836423870964508,0.4925674300160729,0.6915975408790795,1.0,0.6896732629325348,0.8906052345569604,0.8512605149283301,0.4925674300159032,0.5875308490356891,0.9538976729916493,0.703635914288027,0.9054080580936008,0.7861877932796992,0.8589557546998461,0.6548246570299772,0.8350359799750057,0.6482898848860036,0.4925674300161044
www.separel.com,0.817568983896904,0.904072662909251,0.8787668282176329,0.9393419121897022,0.9575216598739329,0.9932181137001296,0.8828429074330715,0.8704082762526457,0.9726324257951213,0.9874917001460042,0.987555355935289,0.9873922665577817,0.4920070052708788,0.9089408144479962,0.4943639977115493,0.9685668124693589,0.49436399771276746,0.9925398606348486,0.9909330943233692,0.9974828825855656,0.4943639977114707,0.9907316152061906,0.9979678893976675,0.9972038298939179,0.9932284258945789,0.9857385193072945,0.996901515225914,0.7684365590199436,0.4943639977113882,0.8139662193387303,0.9449444283822489,0.8634278797268323,0.4943639977114654,0.9169477789882406,0.9909458741013577,0.701831211532885,0.988632350941939,0.9940046664405428,0.821325744958503,0.7949512555659416,0.9831347152717221,0.7306866393527025,0.916860154053529,0.6895137634311251,0.9802765763803833,0.9838753534243792,0.9444834253809617,0.9834161966550051,0.8928325661807897,0.9841000968167088,0.9809355314339931,0.49436399771176376,0.9910142329313876,0.6896732629325347,0.9999999999999999,0.7854909588338453,0.7989489443389297,0.4943639977116821,0.9824987531976341,0.7438779496497516,0.9785864904179356,0.7222729907844216,0.9629292099306718,0.857775074988949,0.9941009160690393,0.9168772835223551,0.9890929366356844,0.4943639977114394
www.shimachu.co.jp,0.9180703885600918,0.8514813966176487,0.7745800142667448,0.8714855730126918,0.7757837090085704,0.7500029051541582,0.8066789623810628,0.8779569061123614,0.8754295161459759,0.7811886744685007,0.7381655772871336,0.7496579475026977,0.48415806834360753,0.783895213056846,0.48882957313321024,0.8569516511599421,0.48882957313409975,0.7445354313416386,0.7305359279010915,0.7695863520848727,0.48882957313313224,0.7612135712881696,0.7615920214850216,0.7689669514439891,0.8122358158863734,0.8199867047343756,0.7957485657806564,0.9411801691593407,0.4888295731331174,0.9043049733756868,0.8851695801001265,0.9470176083698416,0.48882957313312725,0.8869746227244912,0.7651525548900331,0.9435717954331535,0.7778088993439027,0.789227730103147,0.9172963015874658,0.9469681410455976,0.7474163454733858,0.9236574003076983,0.8843000738065443,0.8574676766966127,0.8152741888111078,0.8086327783810467,0.8986236548495359,0.8230506829867413,0.9454017429065708,0.7666261078775065,0.8678164213748476,0.488829573133399,0.8038734325685843,0.8906052345569604,0.7854909588338455,1.0,0.9710972007649498,0.48882957313322173,0.6877368904714047,0.9501637945873949,0.8265682290469469,0.9123678889302445,0.8776453866733285,0.9353490067236961,0.7544787241872896,0.8855160044081736,0.7638422296443723,0.48882957313336717
www.shop-salon.jp,0.92865787707246,0.8546211468770464,0.7912045835062613,0.8529709964911841,0.8197125465458939,0.7648125221334601,0.818576575761391,0.8884656218359805,0.8793185281725557,0.7986883563406126,0.7568379279278322,0.7693474290455402,0.48490263999627087,0.8034632907433719,0.4893545838057448,0.8581284113073799,0.48935458380663654,0.7642982029827969,0.7502170421161856,0.7857658954111122,0.4893545838056654,0.7872027334496943,0.7763286055339471,0.7806124059267554,0.8225010468199012,0.8408654422569944,0.8074854026459768,0.9150763338946242,0.48935458380564384,0.9305192512710325,0.8778620042899847,0.9279767843364659,0.4893545838056599,0.8697324819068177,0.789874609917578,0.9158491718810822,0.7976968200311374,0.803217727795643,0.9434201107687055,0.9488553852081267,0.771859996020896,0.9201345436636303,0.8662870306693106,0.8434630963715708,0.841559584090537,0.8200671706563234,0.9040125230280454,0.8362399869880388,0.9285635296996819,0.7919302640768858,0.8724881774483308,0.48935458380593816,0.8066126060721572,0.8512605149283302,0.7989489443389297,0.9710972007649499,1.0,0.48935458380576435,0.7081098809502995,0.910229421270969,0.8449229528588129,0.8916565358068276,0.882604621848599,0.9389617263167795,0.7716442430778159,0.8679840496312743,0.7853686324062339,0.4893545838058577
www.tama.com,0.48799176855090154,0.4916144550208313,0.4922259182376974,0.4917869943087441,0.49422389556377155,0.4953924697615121,0.49229816970055185,0.4903039326285739,0.49267113529746714,0.494234137776922,0.49489368024303443,0.49477534145239926,0.852558864317698,0.4927276379565545,0.9999999999999991,0.49230032129194895,0.9999999999999961,0.4956173192205609,0.49570118508980454,0.49465980039082086,0.9999999999999998,0.4947732887668396,0.495049558421339,0.49486163061431304,0.4940885529360991,0.4934797432991663,0.49383717934717714,0.4910198557206237,1.0,0.4895650982368569,0.492509484226922,0.4880817229881342,0.9999999999999976,0.49214333842896313,0.49502240488348365,0.4904790261877176,0.49465960675252363,0.49400601290024704,0.4899039195962049,0.4880951296283197,0.49451305261604905,0.4903102302174642,0.4921596135329691,0.49175648551017676,0.492715688705445,0.49360953660653556,0.4922889991592318,0.49278814796035403,0.4920517410010057,0.4942397065474733,0.49221038710263615,0.9999999999999968,0.49321802722687647,0.4925674300159032,0.4943639977116821,0.48882957313322173,0.48935458380576435,0.9999999999999999,0.49683398775012616,0.4893605869142942,0.492663219297907,0.49014336653227913,0.49267733763485266,0.4891414138708307,0.4951473891905883,0.4921638580878139,0.4939939079911797,0.9999999999999969
www.tamamarching.com,0.7483211943657798,0.8518922515589891,0.8732804363304023,0.894603968205035,0.9425063202444552,0.9937010371108426,0.8610022659175807,0.8317820302776002,0.9248386687061955,0.9792939495384241,0.9921181248274935,0.9889209868519026,0.49550995227974726,0.9026224033305976,0.4968339877499755,0.928736890362106,0.4968339877511031,0.9948432563479671,0.9961539766495306,0.9879542328520197,0.49683398774991006,0.985024954672113,0.991115089358398,0.9885067628456752,0.9740405558875231,0.956777405910989,0.9797249933104262,0.664337079798489,0.49683398774981713,0.754707724681062,0.8908102402824862,0.7749891827356075,0.49683398774990445,0.8588020147701614,0.9894557634017289,0.5898016334790102,0.9800384006569622,0.9811519203264936,0.765095040412938,0.6923635796790368,0.9853257608746214,0.62798982553686,0.8587088950184276,0.5976701858335718,0.9539412364174638,0.9685747882256635,0.8861367872626389,0.9564466809679415,0.8082069669471791,0.9814257831751576,0.9382220069607561,0.49683398775015997,0.9737797597079576,0.5875308490356891,0.982498753197634,0.6877368904714047,0.7081098809502995,0.49683398775012616,1.0,0.6301142024523595,0.9498677053133222,0.6330909381770731,0.9101311263795472,0.7915779374655221,0.9921059192788466,0.8587318086123001,0.9821161390401225,0.4968339877497953
www.thermos.jp,0.8798523926151687,0.8371980826204033,0.6828906034109963,0.8611451370646763,0.7313877679078229,0.6943209436211819,0.725665962504169,0.8011128653763074,0.8441562336553194,0.7279412349085137,0.6821303475257279,0.6899877527531171,0.4849111536221843,0.6898871560230381,0.4893605869143096,0.8285299821367678,0.48936058691509776,0.683657130322213,0.6740965470523704,0.7269178656853107,0.4893605869142307,0.7045440610599444,0.7138483262012643,0.7196717633907243,0.7617984534363695,0.7827231061213287,0.7486884981438107,0.962940709339317,0.4893605869142336,0.8187905488747318,0.8692493946817793,0.9361319543365472,0.4893605869142286,0.887537132392453,0.6961719089778438,0.9610921432338996,0.7153263495692297,0.737741281546411,0.8293962617001003,0.9492374908764969,0.6821442745981079,0.9014224647451932,0.886861261371821,0.9139922467002672,0.7739877640244879,0.7592849012428313,0.873349201636753,0.7676116664866472,0.9382111931989504,0.7024536559512543,0.8366171618508116,0.4893605869144896,0.7577185750039602,0.9538976729916493,0.7438779496497516,0.9501637945873949,0.910229421270969,0.4893605869142942,0.6301142024523595,1.0,0.7777444252418788,0.9218484292917628,0.8516263870556473,0.8709164982010803,0.7007224330089279,0.8872165579895723,0.7124354713852352,0.489360586914517
www.tobishima.co.jp,0.8872378570429111,0.9459887908864903,0.8766959108486142,0.9432345279252468,0.9243771608945079,0.9655479278361856,0.8748075967478022,0.877230251302935,0.9791389536726585,0.966284260663862,0.9649253051067477,0.9731063014528889,0.48959495641054473,0.9087460420551868,0.4926632192977923,0.9787064347909205,0.4926632192989937,0.9678519657103426,0.9632729907157185,0.9722166847605322,0.4926632192977071,0.9708510193890738,0.9741415290532003,0.9737821624261465,0.9722866737626409,0.9777203975440562,0.9814826661485397,0.7818820869089367,0.49266321929763246,0.8598235384863386,0.9685169798903337,0.884535802082977,0.49266321929770124,0.9470168801394205,0.9712875373896586,0.7625932260524384,0.9814614359942155,0.978031479913454,0.8469780907430168,0.832405061691506,0.9671993788433386,0.7898753601348002,0.9456434225291883,0.7503771394186551,0.9661946058312942,0.9824401102750862,0.9666515322931966,0.9935842689856802,0.9065404145748729,0.968992446792784,0.9831203431756301,0.4926632192980174,0.9842929891750678,0.703635914288027,0.9785864904179357,0.8265682290469469,0.844922952858813,0.492663219297907,0.9498677053133222,0.7777444252418788,1.0,0.7925666684921018,0.979541687350453,0.8748952453781187,0.9671540742558999,0.9464355980821562,0.9827968673125278,0.49266321929773604
www.tokyoinst.co.jp,0.9020088877319868,0.8773784495992946,0.7212212945682419,0.8736086628554692,0.7058076009440605,0.6925621661727281,0.7530824797592256,0.8146698910607156,0.8160597180286995,0.7210296909745647,0.68029970875773,0.699934409081931,0.48602129393804294,0.728358246374494,0.4901433665322939,0.8162201665944979,0.49014336653300505,0.6840758777818237,0.6708500715994723,0.7126688108750516,0.49014336653221524,0.6979308516417287,0.7011642554684584,0.7080104562053783,0.7451862037739937,0.7840655330912651,0.7329243795361962,0.918779233178892,0.49014336653221136,0.8490957148135376,0.8745496372002657,0.8890230085804829,0.49014336653221124,0.9053048489953435,0.6968017166931206,0.9363231414359903,0.7339588040856462,0.7212307042953563,0.8487125981844952,0.9255021659846223,0.6794283210073033,0.8723990808797408,0.9044568246505309,0.9654608750447073,0.7364990163247604,0.7831270171742597,0.8578400005275646,0.7623898034232655,0.8965714471239394,0.69222728611064,0.8151344689902129,0.49014336653246054,0.7525008127776244,0.9054080580936008,0.7222729907844216,0.9123678889302445,0.8916565358068276,0.49014336653227913,0.6330909381770731,0.9218484292917628,0.7925666684921018,1.0,0.8369716247018419,0.8744891207685408,0.6941103543210423,0.9048814765492033,0.7268245567333185,0.4901433665324747
www.ushio.co.jp,0.8942345092306003,0.9697860579564671,0.8587665423239899,0.9517974015941006,0.906077526669459,0.9382367519975034,0.8574578984722862,0.8803528890488104,0.9918225697625421,0.9407507344209298,0.9290109013459253,0.9395767217817667,0.4896149790768232,0.8840705971103917,0.4926773376347638,0.9822378948449195,0.4926773376359669,0.9391760121447477,0.9324805551460513,0.9516353632324197,0.4926773376346725,0.9478194475708965,0.9503084686656222,0.9544199235655455,0.9605552394345171,0.9718454855178362,0.9626136207730879,0.8600477853187323,0.49267733763461297,0.8650592072931111,0.9890974388951106,0.9239843766150504,0.4926773376346672,0.9697404372949017,0.937557422838929,0.8453205293891428,0.9577457338751303,0.952984572971874,0.8476849509360094,0.8888443885399895,0.9262911950909514,0.8624780469210118,0.9694646619396163,0.8054095003504906,0.9573085278649953,0.9613558739439572,0.992994332762415,0.9813356548008867,0.9621825265871708,0.9306689291885327,0.9822463690687282,0.4926773376349964,0.9599645739480859,0.7861877932796993,0.9629292099306717,0.8776453866733285,0.882604621848599,0.49267733763485266,0.9101311263795473,0.8516263870556473,0.979541687350453,0.8369716247018419,1.0,0.8894737924206702,0.9405816343092619,0.9695652382033686,0.9528812046496813,0.492677337634769
www.ushio.com.tw,0.8891796373696109,0.8356412927633191,0.8676243750320672,0.9092570252680348,0.8698090906411807,0.8433424982272171,0.872495146288464,0.9399443062518494,0.8965807614557053,0.8684121993652851,0.8371628360579566,0.8322223418510517,0.4846003217786087,0.8493493862980488,0.4891414138707722,0.8748056889877149,0.4891414138717575,0.8335361470679112,0.8233843903714746,0.8517828551286669,0.4891414138706941,0.8502818367506662,0.8439885218472931,0.8526786006435663,0.8895926621392085,0.8910036460860493,0.8735700143610189,0.8970991539225965,0.48914141387065124,0.9521107002283752,0.8927369916581653,0.9286654635843123,0.4891414138706885,0.8862681320131174,0.8573624781470042,0.8321989299821498,0.8609744181384311,0.8682214721087287,0.9615876238543293,0.9113150524297767,0.8539509746662711,0.8407081457926422,0.8850178901532857,0.8038390564987574,0.8807277270665708,0.883090147082173,0.899781426770838,0.8672420838484316,0.9180645932403517,0.8645171812155791,0.9169063328066065,0.4891414138709627,0.868266256573612,0.8589557546998461,0.857775074988949,0.9353490067236961,0.9389617263167795,0.4891414138708307,0.7915779374655221,0.8709164982010803,0.8748952453781188,0.8744891207685408,0.8894737924206702,1.0,0.8460910540409917,0.8850672782054028,0.8461736401132601,0.489141413870802
www.ushiomedical.com,0.7939448772193617,0.8820327971312417,0.8900703527491456,0.9271605837734056,0.957989189262481,0.9986937858998526,0.8947973023294806,0.8661131234176402,0.9546256458043598,0.9896209776127849,0.994312113541149,0.9922672353343711,0.49311801332965316,0.9203598854118755,0.4951473891904463,0.9527348162347583,0.49514738919163254,0.9979795695165699,0.9975569373672463,0.9975135060015776,0.49514738919037427,0.9930460620535584,0.9972936430101341,0.995317281364388,0.9909404195092639,0.9803902910823372,0.9939698653878227,0.7352204597095877,0.4951473891902859,0.8059788554729831,0.9246312755754815,0.8350196862116318,0.4951473891903683,0.8954190802719602,0.9966064088706366,0.6558237188709443,0.9892658563229868,0.9937923115869298,0.8156290185818906,0.7574781928378033,0.989292411844992,0.690927371820753,0.8954083101942412,0.6539806857167575,0.9772685083245847,0.9827791059845306,0.9222093653360014,0.9718546922714972,0.8586625654775888,0.9894191536338388,0.9659707305811801,0.49514738919065165,0.9878694437008853,0.6548246570299772,0.9941009160690393,0.7544787241872895,0.7716442430778159,0.4951473891905883,0.9921059192788466,0.7007224330089279,0.9671540742558998,0.6941103543210423,0.9405816343092619,0.8460910540409917,0.9999999999999999,0.8953710546839226,0.988442416355367,0.49514738919030343
www.watairo.jp,0.9103259580948329,0.9734801316571409,0.8242995635821331,0.9753413493622176,0.8662599906439565,0.892840080655863,0.8336417727840646,0.8633336121461312,0.9591253771395101,0.8984917763373153,0.8824882988771956,0.8969106445915291,0.48888676089968874,0.84729599526934,0.4921638580877506,0.9688334510231298,0.49216385808885993,0.8892089818537082,0.8829394195572203,0.9085732960203139,0.4921638580876568,0.8981380380845367,0.9033217040232009,0.906781355026486,0.9204699013251398,0.9438740483110349,0.9185592350157148,0.873839231098734,0.4921638580876095,0.8560310218611984,0.993348606908435,0.9051246231762935,0.49216385808765195,0.9999617969296384,0.8903457524728255,0.8794194509953341,0.9183722025064456,0.9061898988999659,0.8420504300505702,0.8910958001509929,0.8754236764470888,0.846390690419783,0.9998858817489209,0.8846990019127293,0.9088665020012303,0.9463735242678362,0.976345308895846,0.934410666016017,0.9558806739855225,0.8803506125393692,0.9564382883265795,0.49216385808796836,0.929135699149744,0.8350359799750057,0.9168772835223551,0.8855160044081736,0.8679840496312743,0.4921638580878139,0.8587318086123001,0.8872165579895723,0.9464355980821562,0.9048814765492033,0.9695652382033686,0.8850672782054028,0.8953710546839228,1.0,0.9148421189650906,0.4921638580878146
www.with-lemon.jp,0.8262819481290911,0.9130570636991415,0.9106761056310487,0.9321965883353948,0.9456350058860445,0.98927869738596,0.896079074017407,0.8808452309310648,0.9563065881668633,0.9829089176098715,0.9850366151853804,0.9945660995601782,0.4914821429599807,0.9350603565365359,0.49399390799104265,0.9629617785520618,0.49399390799221743,0.9913974183388277,0.9891805608428368,0.9893760477562457,0.49399390799096665,0.9874321473826474,0.9903895313126643,0.9908053454382701,0.9815323371036738,0.9790182392310881,0.9887673999444924,0.7304908477244162,0.4939939079908794,0.8281521113020465,0.9404030379851398,0.8422697183345214,0.49399390799096005,0.9149933053981383,0.9877964031704938,0.6804676210611672,0.9925129197693155,0.9870105147047927,0.8301370498521177,0.7815582198596079,0.9847928752671086,0.7130007990118077,0.9149644594148751,0.6811542171073285,0.9687833677257528,0.9891685860386578,0.935443662071433,0.9829637623712619,0.8625760289440004,0.9817668856420643,0.9687090686317055,0.4939939079912512,0.9891115235921765,0.6482898848860036,0.9890929366356844,0.7638422296443723,0.7853686324062339,0.4939939079911797,0.9821161390401225,0.7124354713852352,0.9827968673125278,0.7268245567333185,0.9528812046496813,0.8461736401132601,0.9884424163553669,0.9148421189650906,1.0,0.493993907990925
www.yamano-music.co.jp,0.4879917685509738,0.49161445502081885,0.4922259182374894,0.4917869943086683,0.49422389556353713,0.4953924697612228,0.49229816970035806,0.49030393262846617,0.492671135297355,0.49423413777665715,0.4948936802427393,0.4947753414521193,0.8525588643176981,0.4927276379563271,1.0,0.4923003212918401,0.9999999999999973,0.4956173192202685,0.4957011850895021,0.4946598003905582,1.0,0.494773288766571,0.4950495584210678,0.4948616306140498,0.4940885529358683,0.4934797432989777,0.4938371793469381,0.49101985572076845,0.9999999999999956,0.489565098236847,0.4925094842268783,0.48808172298816405,0.9999999999999977,0.49214333842896374,0.49502240488319854,0.49047902618799355,0.49465960675227955,0.4940060128999921,0.48990391959616514,0.4880951296284496,0.49451305261575473,0.4903102302176583,0.4921596135329699,0.4917564855104139,0.49271568870523963,0.4936095366063274,0.4922889991591859,0.4927881479601734,0.4920517410010564,0.4942397065471934,0.49221038710249465,0.9999999999999962,0.49321802722665437,0.4925674300161044,0.4943639977114394,0.48882957313336717,0.4893545838058577,0.9999999999999969,0.4968339877497953,0.489360586914517,0.49266321929773604,0.4901433665324747,0.492677337634769,0.489141413870802,0.49514738919030343,0.4921638580878146,0.493993907990925,1.0
